date,ticker,side,shares,price,value,cost
2026-01-27,000338,buy,3.5363790969336217,564.42138394118,1996.00798403193,3.9920159680638703
2026-01-27,000733,buy,19.540708294359998,102.14614301404,1996.00798403193,3.9920159680638703
2026-01-27,001309,buy,2.8649018195254254,696.71078095185,1996.00798403193,3.9920159680638703
2026-01-27,002008,buy,3.887755789918257,513.40878694284,1996.00798403193,3.9920159680638703
2026-01-27,002027,buy,21.082388540100002,94.676558125057,1996.00798403193,3.9920159680638703
2026-01-27,002028,buy,0.6672430777414231,2991.4255398322,1996.00798403193,3.9920159680638703
2026-01-27,002080,buy,9.396344778794562,212.42387662663,1996.00798403193,3.9920159680638703
2026-01-27,002112,buy,25.52482876047,78.198682653766,1996.00798403193,3.9920159680638703
2026-01-27,002130,buy,2.877580841339461,693.64097625241,1996.00798403193,3.9920159680638703
2026-01-27,002149,buy,13.447134972119999,148.43369893805,1996.00798403193,3.9920159680638703
2026-01-27,002195,buy,6.625696982466609,301.25253076226,1996.00798403193,3.9920159680638703
2026-01-27,002249,buy,12.858469516720001,155.22904817217,1996.00798403193,3.9920159680638703
2026-01-27,002354,buy,92.10845720310999,21.670192343255,1996.00798403193,3.9920159680638703
2026-01-27,002465,buy,15.744041494980001,126.77862826183,1996.00798403193,3.9920159680638703
2026-01-27,002517,buy,12.524645219569999,159.36642907158,1996.00798403193,3.9920159680638703
2026-01-27,002716,buy,28.92898169856,68.996828330487,1996.00798403193,3.9920159680638703
2026-01-27,300037,buy,5.429075951783542,367.65151229395,1996.00798403193,3.9920159680638703
2026-01-27,300058,buy,3.5606336512476586,560.57662189777,1996.00798403193,3.9920159680638703
2026-01-27,300063,buy,18.14806251532,109.98463237311,1996.00798403193,3.9920159680638703
2026-01-27,300316,buy,4.54235778241529,439.42112877128,1996.00798403193,3.9920159680638703
2026-01-27,300427,buy,37.28853118026,53.528737143945,1996.00798403193,3.9920159680638703
2026-01-27,300454,buy,11.44455620637,174.40676143645,1996.00798403193,3.9920159680638703
2026-01-27,300593,buy,15.790277123880001,126.40740680941,1996.00798403193,3.9920159680638703
2026-01-27,300672,buy,9.057899644977121,220.36101770445,1996.00798403193,3.9920159680638703
2026-01-27,300785,buy,8.838258077239157,225.8372596261,1996.00798403193,3.9920159680638703
2026-01-27,300870,buy,8.750223474001523,228.10937228774,1996.00798403193,3.9920159680638703
2026-01-27,301205,buy,5.517151738338304,361.78232513741,1996.00798403193,3.9920159680638703
2026-01-27,301232,buy,6.240533280491947,319.84573982988,1996.00798403193,3.9920159680638703
2026-01-27,600031,buy,2.256666945140136,884.49382764721,1996.00798403193,3.9920159680638703
2026-01-27,600048,buy,11.33213156959,176.13702874643,1996.00798403193,3.9920159680638703
2026-01-27,600151,buy,36.45369063429,54.754620157839,1996.00798403193,3.9920159680638703
2026-01-27,600157,buy,28.78301659106,69.346726661419,1996.00798403193,3.9920159680638703
2026-01-27,600259,buy,24.30994836427,82.106631989597,1996.00798403193,3.9920159680638703
2026-01-27,600271,buy,12.304098100070002,162.22302258952,1996.00798403193,3.9920159680638703
2026-01-27,600391,buy,20.74482701489,96.217142837527,1996.00798403193,3.9920159680638703
2026-01-27,600501,buy,19.526059568159997,102.22277449599,1996.00798403193,3.9920159680638703
2026-01-27,600577,buy,6.609669279446702,301.98303419487,1996.00798403193,3.9920159680638703
2026-01-27,600733,buy,25.461504298839998,78.393168,1996.00798403193,3.9920159680638703
2026-01-27,600884,buy,5.471016330214154,364.8331248819,1996.00798403193,3.9920159680638703
2026-01-27,601377,buy,100.46382236551001,19.867927946937,1996.00798403193,3.9920159680638703
2026-01-27,603011,buy,37.73769551148,52.891623533935,1996.00798403193,3.9920159680638703
2026-01-27,603123,buy,128.91692220815,15.482901312281,1996.00798403193,3.9920159680638703
2026-01-27,603516,buy,5.2854327064507665,377.64324983191,1996.00798403193,3.9920159680638703
2026-01-27,603601,buy,14.16323840833,140.92878524574,1996.00798403193,3.9920159680638703
2026-01-27,603920,buy,18.770805767829998,106.33576462934,1996.00798403193,3.9920159680638703
2026-01-27,688031,buy,9.133375967932349,218.54,1996.00798403193,3.9920159680638703
2026-01-27,688256,buy,1.5353907569476424,1300.0,1996.00798403193,3.9920159680638703
2026-01-27,688521,buy,8.999134283281943,221.8,1996.00798403193,3.9920159680638703
2026-01-27,688615,buy,4.76752341219749,418.66768371294,1996.00798403193,3.9920159680638703
2026-01-27,688766,buy,2.1197057023128067,941.64391870725,1996.00798403193,3.9920159680638703
2026-02-03,000338,buy,0.10154120906595605,544.47301902019,55.2864486551,0.11057289731020277
2026-02-03,000506,buy,47.07966488629,41.909027553031,1973.06297290732,3.946125945814649
2026-02-03,000603,buy,18.45868564499,106.89076193473,1973.06297290732,3.946125945814649
2026-02-03,000733,buy,0.6511231285673752,98.094868172128,63.871837460639995,0.12774367492128047
2026-02-03,001309,buy,0.16694595288868802,653.2432002432,109.05630853265,0.21811261706531415
2026-02-03,002008,sell,3.887755789918257,481.66496297934,1872.59574862369,3.7451914972473843
2026-02-03,002025,buy,7.221950572544755,273.20361072647,1973.06297290732,3.946125945814649
2026-02-03,002027,sell,0.017257612987571613,94.040290933356,1.6229109461664977,0.003245821892332995
2026-02-03,002028,buy,0.013868849212060157,2908.1995274379,40.33338072462,0.08066676144924168
2026-02-03,002080,sell,9.396344778794562,223.83325453575,2103.2144325775803,4.206428865155178
2026-02-03,002112,sell,25.52482876047,74.539472200297,1902.6072638085998,3.805214527617213
2026-02-03,002130,sell,2.8775808413394612,580.5013657966,1670.43960858768,3.3408792171753725
2026-02-03,002149,sell,2.3675772715302132,178.79513735719,423.31130346699996,0.846622606934011
2026-02-03,002195,sell,0.016568992765950738,299.73258862925,4.966267092717732,0.009932534185435465
2026-02-03,002237,buy,13.427383687999999,146.94321833297,1973.06297290732,3.946125945814649
2026-02-03,002249,buy,0.5504309842821267,147.71122879881,81.30483705725,0.16260967411450283
2026-02-03,002354,sell,92.10845720310999,21.124126488451,1945.71070061463,3.8914214012292785
2026-02-03,002465,buy,0.2618937415757785,123.75666322948,32.411095578099996,0.06482219115620416
2026-02-03,002517,buy,0.3047304230294854,154.39429980152,47.04864029185,0.09409728058371676
2026-02-03,002602,buy,10.21266854929,193.19759212624,1973.06297290732,3.946125945814649
2026-02-03,002625,buy,6.191746128439945,318.66018599255,1973.06297290732,3.946125945814649
2026-02-03,002716,buy,4.694180170118442,58.883908248862,276.41167444088,0.5528233488817635
2026-02-03,300002,buy,10.44878607484,188.83178952798,1973.06297290732,3.946125945814649
2026-02-03,300017,buy,4.545880969108264,434.03313600056,1973.06297290732,3.946125945814649
2026-02-03,300037,sell,5.429075951783542,325.63230597525,1767.88252149404,3.5357650429881
2026-02-03,300058,buy,5.746015932336467e-16,601.39005965407,3.455596864321065e-13,6.91119372864213e-16
2026-02-03,300058,sell,0.26664664708184627,601.39005965407,160.3586429951,0.32071728599021854
2026-02-03,300063,sell,3.275139410008601,133.19312060635,436.22603843987997,0.8724520768797712
2026-02-03,300124,buy,1.0479772388513422,1882.7345668976,1973.06297290732,3.946125945814649
2026-02-03,300316,sell,4.54235778241529,462.20807370426,2099.5144406857203,4.199028881371451
2026-02-03,300427,sell,37.28853118026,50.928960371076,1899.06612677509,3.7981322535501874
2026-02-03,300454,sell,11.44455620637,147.84342481859,1692.0023850798702,3.384004770159757
2026-02-03,300567,buy,4.8337236037519205,408.18696612604,1973.06297290732,3.946125945814649
2026-02-03,300593,sell,15.790277123880001,123.68039670566,1952.9477387740899,3.90589547754819
2026-02-03,300661,buy,2.807543224465746,702.77207336061,1973.06297290732,3.946125945814649
2026-02-03,300672,buy,1.5570423673727365e-15,221.933387089,3.455596864321065e-13,6.91119372864213e-16
2026-02-03,300672,sell,0.13192835729250824,221.933387089,29.27930718701,0.05855861437402826
2026-02-03,300785,sell,8.838258077239157,266.94314223091,2359.31238298594,4.7186247659718825
2026-02-03,300846,buy,77.67851517801999,25.400369309137,1973.06297290732,3.946125945814649
2026-02-03,300870,sell,0.9300666793880452,253.31602587553,235.60079502183,0.4712015900436607
2026-02-03,301205,sell,5.517151738338304,390.51013057658,2154.50364574929,4.3090072914985935
2026-02-03,301232,sell,0.2323868029060539,329.71417197055,76.62122229705,0.1532424445941059
2026-02-03,600031,buy,0.14842172787275154,823.45454006218,122.21854566069001,0.24443709132138133
2026-02-03,600048,sell,0.1525155503632822,177.19490879896,27.02497903704,0.054049958074089965
2026-02-03,600151,sell,0.15482595467580348,54.573911840486,8.44945800109638,0.01689891600219276
2026-02-03,600157,sell,28.78301659106,67.270477360179,1936.24726594714,3.872494531894299
2026-02-03,600176,buy,6.251284911470584,315.62518759734,1973.06297290732,3.946125945814649
2026-02-03,600259,buy,0.5110691503462651,79.803641092328,40.78517904759,0.0815703580951887
2026-02-03,600271,sell,12.304098100070002,157.14363244973,1933.51066946341,3.8670213389268233
2026-02-03,600391,sell,20.74482701489,101.22845236031,2099.96673320016,4.199933466400329
2026-02-03,600501,sell,19.526059568159997,101.99408819957,1991.54264178561,3.9830852835712296
2026-02-03,600531,buy,12.68695134673,155.51907775027,1973.06297290732,3.946125945814649
2026-02-03,600577,buy,0.23447817675249433,289.40040777008,67.85807996535,0.1357161599307135
2026-02-03,600733,sell,25.461504298839998,73.9540368,1882.9810259,3.7659620518000128
2026-02-03,600795,buy,1.784141438586144,1105.8893259443,1973.06297290732,3.946125945814649
2026-02-03,600884,sell,5.471016330214154,337.75977339571,1847.8892359373601,3.695778471874723
2026-02-03,601377,sell,100.46382236551001,19.054128638376,1914.2505948554801,3.828501189710967
2026-02-03,601868,buy,779.9753269846,2.5296479319868,1973.06297290732,3.946125945814649
2026-02-03,601929,buy,241.02672579118,8.1860754919631,1973.06297290732,3.946125945814649
2026-02-03,603011,buy,2.896419663632325,48.737501574506,141.16425791671,0.2823285158334211
2026-02-03,603123,sell,128.91692220815,15.143004160081,1952.18948930299,3.904378978605987
2026-02-03,603516,buy,0.45859662374614596,344.76448993783,158.10783107305,0.3162156621461019
2026-02-03,603601,sell,2.606148809827158,171.40743126119,446.71327297688,0.8934265459537613
2026-02-03,603920,sell,0.4141053398396092,107.91542024151,44.688351773040004,0.08937670354608948
2026-02-03,688031,buy,1.3458864190892252,188.94,254.29178002271,0.5085835600454365
2026-02-03,688123,buy,8.78044086010638,224.71115110767,1973.06297290732,3.946125945814649
2026-02-03,688223,buy,303.40513210528997,6.5030639370417,1973.06297290732,3.946125945814649
2026-02-03,688256,buy,0.04290027887156892,1255.0,53.83984998381,0.107679699967638
2026-02-03,688313,buy,21.75238009715,90.705613091287,1973.06297290732,3.946125945814649
2026-02-03,688521,buy,0.2562800213502288,214.01,54.84648736916,0.10969297473832493
2026-02-03,688615,buy,0.4263884770243098,381.27705887409,162.57214445763,0.3251442889152627
2026-02-03,688627,buy,6.925570879919473,284.89535478269,1973.06297290732,3.946125945814649
2026-02-03,688766,sell,2.1197057023128067,1177.3439995872,2495.62278950875,4.99124557901751
2026-02-10,000338,sell,3.637920305999578,605.96092030609,2204.43753662371,4.408875073247434
2026-02-10,000426,buy,3.1519330051925136,634.93533042721,2001.27362413633,4.002547248272675
2026-02-10,000506,sell,47.07966488629,40.074625673606,1886.6999471571999,3.7733998943144003
2026-02-10,000547,buy,8.636063050774784,231.73448507382,2001.27362413633,4.002547248272675
2026-02-10,000603,sell,18.45868564499,106.11227368273,1958.69310298533,3.9173862059706677
2026-02-10,000733,sell,20.19183142293,96.870482886573,1955.9924603038198,3.911984920607646
2026-02-10,001309,buy,0.2622390797802746,609.77561953455,159.90699733917998,0.3198139946783745
2026-02-10,002025,sell,7.221950572544755,283.11393778224,2044.63486506184,4.089269730123697
2026-02-10,002027,buy,0.5623535100337096,92.895009988295,52.23983493153,0.1044796698630684
2026-02-10,002028,sell,0.047917474227460774,3173.2665254031,152.05491694786,0.30410983389573404
2026-02-10,002149,buy,1.888180443079801e-15,183.01200380429,3.455596864321065e-13,6.911193728642131e-16
2026-02-10,002149,sell,0.10052507356081959,183.01200380429,18.397295144930002,0.0367945902898785
2026-02-10,002195,sell,0.10344504040167654,308.85224142731,31.949232592589997,0.06389846518519288
2026-02-10,002237,sell,13.427383687999999,148.99239743813,2000.57808699775,4.001156173995509
2026-02-10,002249,sell,13.408900501000002,151.47013848549,2031.0480158255598,4.062096031651119
2026-02-10,002340,buy,9.325658339903596,214.59864292616,2001.27362413633,4.002547248272675
2026-02-10,002354,sell,1.0842021724855044e-14,21.411529569927,2.3214426875952474e-13,4.642885375190495e-16
2026-02-10,002413,buy,26.89118376165,74.421179888337,2001.27362413633,4.002547248272675
2026-02-10,002465,sell,16.00593523656,128.9371747135,2063.7600680498103,4.127520136099631
2026-02-10,002498,buy,41.40170136268,48.337956129018,2001.27362413633,4.002547248272675
2026-02-10,002517,sell,12.829375642599999,149.80960917587,1921.96375098884,3.8439275019776935
2026-02-10,002602,buy,0.6219826713879116,185.40814216993,115.32065156392,0.23064130312784553
2026-02-10,002617,buy,28.41078054729,70.440642093751,2001.27362413633,4.002547248272675
2026-02-10,002625,buy,0.17362085787449927,315.62596924061,54.79925154702,0.10959850309405006
2026-02-10,002716,buy,3.4417526733152775,54.189986852485,186.50853211645,0.37301706423292
2026-02-10,300002,sell,10.44878607484,189.4607047304,1979.63437331662,3.9592687466332537
2026-02-10,300017,sell,4.545880969108264,482.70505992201,2194.31974559172,4.388639491183459
2026-02-10,300058,buy,0.4157356885197591,541.38619752229,225.07356358202,0.4501471271640471
2026-02-10,300063,buy,0.7829686921170759,128.3154044353,100.46694438918,0.20093388877836094
2026-02-10,300115,buy,4.026853543416257,496.98197427824,2001.27362413633,4.002547248272675
2026-02-10,300124,buy,0.0013129876409156691,1914.8988840913,2.5142385684150836,0.005028477136830167
2026-02-10,300236,buy,9.676032621805868,206.82791205419,2001.27362413633,4.002547248272675
2026-02-10,300567,sell,0.0796266614675683,422.6448861476,33.65380127027,0.0673076025405478
2026-02-10,300661,buy,0.14883656079641644,679.50992512228,101.13592028223,0.20227184056446124
2026-02-10,300672,sell,0.5527409670584162,239.96649846796,132.6393144248,0.26527862884960435
2026-02-10,300785,buy,8.6601747467036,231.08928891973,2001.27362413633,4.002547248272675
2026-02-10,300846,sell,77.67851517801999,26.72247055078,2075.76183427318,4.15152366854636
2026-02-10,300870,buy,0.5942415394470083,238.72487408546,141.86023668083,0.28372047336167394
2026-02-10,301232,sell,6.0081464775858935,325.17269379294,1953.68517481916,3.9073703496383376
2026-02-10,600031,sell,2.405088673012887,909.06310063741,2186.377366397,4.372754732794019
2026-02-10,600048,sell,11.17961601923,186.71582927174,2087.41127597032,4.1748225519406486
2026-02-10,600105,buy,8.152987967007594,245.46505308665,2001.27362413633,4.002547248272675
2026-02-10,600118,buy,1.4077447318592085,1421.6168449043,2001.27362413633,4.002547248272675
2026-02-10,600151,sell,36.29886467961,57.826661552833,2099.04216258014,4.198084325160297
2026-02-10,600157,buy,29.20875409356,68.516226940923,2001.27362413633,4.002547248272675
2026-02-10,600176,sell,0.4652267815968446,347.26487632959,161.55692077644,0.3231138415528828
2026-02-10,600259,sell,0.3730973490429962,82.186736020806,30.66365333585,0.061327306671718484
2026-02-10,600343,buy,22.96662944462,87.138325149628,2001.27362413633,4.002547248272675
2026-02-10,600531,buy,1.1473969817997525,145.19130280283,166.59206261954,0.33318412523908214
2026-02-10,600577,buy,1.1769959901151683e-15,293.59461657834,3.455596864321065e-13,6.911193728642131e-16
2026-02-10,600577,sell,0.0003749636259822597,293.59461657834,0.11008730200108563,0.00022017460400217126
2026-02-10,600795,sell,0.00994242855399606,1132.5081062186,11.259880932889999,0.022519761865799626
2026-02-10,601668,buy,163.84675187458,12.214301481351,2001.27362413633,4.002547248272675
2026-02-10,601868,buy,14.26568087461,2.5296479319868,36.087150122850005,0.07217430024570895
2026-02-10,601929,sell,241.02672579118,8.6922038153909,2095.0534255333,4.190106851066618
2026-02-10,603011,sell,5.333700615752726,56.919863009744,303.59350838362997,0.6071870167672647
2026-02-10,603501,buy,12.42546126249,161.0623204932,2001.27362413633,4.002547248272675
2026-02-10,603516,sell,0.023101102745231365,351.21831301167,8.113530334889415,0.01622706066977883
2026-02-10,603601,buy,0.7443607538928718,163.29843369744,121.55294521655,0.24310589043310318
2026-02-10,603778,buy,19.05788779964,105.01025324402,2001.27362413633,4.002547248272675
2026-02-10,603920,sell,18.35670042799,108.73018997831,1995.92752491124,3.9918550498224925
2026-02-10,688031,buy,0.040443373438107964,191.0,7.72468432667862,0.015449368653357243
2026-02-10,688122,buy,15.81396590859,126.55102683941,2001.27362413633,4.002547248272675
2026-02-10,688123,buy,1.1587084246414658,202.06521583147,234.13466791092,0.4682693358218408
2026-02-10,688223,sell,303.40513210528997,8.8122729465327,2673.68883749068,5.347377674981363
2026-02-10,688256,buy,0.23911687935761267,1105.0,264.22415169016,0.528448303380324
2026-02-10,688258,buy,10.05840199173,198.96536505304,2001.27362413633,4.002547248272675
2026-02-10,688313,sell,21.75238009715,88.223568506142,1919.0725956731599,3.8381451913463205
2026-02-10,688347,buy,14.65457414433,136.5630692796,2001.27362413633,4.002547248272675
2026-02-10,688516,buy,5.344408118779143,374.46122744711,2001.27362413633,4.002547248272675
2026-02-10,688521,sell,9.255414304632172,224.61,2078.85860696343,4.157717213926865
2026-02-10,688615,buy,0.5378260871054282,350.4241452514,188.46724686782,0.3769344937356494
2026-02-10,688627,sell,6.925570879919473,300.49691160757,2081.11266053512,4.1622253210702445
2026-02-10,688726,buy,27.48987981588,72.800377358491,2001.27362413633,4.002547248272675
2026-02-10,688766,buy,1.8171749351695694,1101.3103831688,2001.27362413633,4.002547248272675
2026-02-25,000426,sell,0.10140998606449045,658.01005689241,66.72879069975001,0.13345758139950772
2026-02-25,000506,sell,5.421010862427522e-15,41.042222269347,2.2249033274029485e-13,4.449806654805897e-16
2026-02-25,000547,buy,0.7279649630004833,214.36019012493,156.04670787307,0.31209341574614247
2026-02-25,001270,buy,8.525739098438688,235.43704565574,2007.27482536803,4.0145496507360745
2026-02-25,001309,sell,0.1843569464350623,645.48204705833,118.99909917432001,0.23799819834865388
2026-02-25,002008,buy,3.420654744675228,586.81012121807,2007.27482536803,4.0145496507360745
2026-02-25,002027,buy,0.06967605021047613,92.513249673274,6.445957829369354,0.01289191565873871
2026-02-25,002028,sell,0.059977854314637126,3501.7737290424,210.02887456332002,0.4200577491266573
2026-02-25,002149,buy,1.4041880444611654,162.09634622666,227.61375142231,0.4552275028446275
2026-02-25,002151,buy,8.033732180683176,249.85583041895,2007.27482536803,4.0145496507360745
2026-02-25,002195,sell,6.505682949298981,309.15622985391,2011.27241323013,4.022544826460278
2026-02-25,002237,buy,13.26705236013,151.29772393144,2007.27482536803,4.0145496507360745
2026-02-25,002241,buy,3.145431799067825,638.1555708704,2007.27482536803,4.0145496507360745
2026-02-25,002340,sell,0.6976616793981615,232.6466854764,162.30867729588,0.32461735459176216
2026-02-25,002413,sell,26.89118376165,72.038113420932,1937.19014584511,3.8743802916902323
2026-02-25,002475,buy,1.1469775933952677,1750.0558310177,2007.27482536803,4.0145496507360745
2026-02-25,002498,sell,41.40170136268,65.031992524092,2692.4351335030397,5.384870267006087
2026-02-25,002602,sell,10.83465122068,181.27300206967,1964.0297531511399,3.9280595063022936
2026-02-25,002617,sell,0.38144200434716335,71.613349786766,27.31633968067,0.05463267936135705
2026-02-25,002625,sell,0.1903860896784691,325.06575469109,61.88799792401001,0.12377599584803416
2026-02-25,002716,sell,37.064914542000004,58.731260398573,2176.86914761719,4.353738295234382
2026-02-25,300058,buy,0.33738293262177776,495.97786942257,167.33446810128,0.33466893620257565
2026-02-25,300063,sell,15.655891797430002,111.24339783661,1741.6145997084998,3.4832291994170097
2026-02-25,300115,sell,4.026853543416257,483.03636635834,1945.11670346899,3.890233406937989
2026-02-25,300124,sell,1.049290226492258,1852.0662644571,1943.35503011086,3.8867100602217217
2026-02-25,300236,sell,9.676032621805868,207.8651633684,2011.3101016896399,4.02262020337929
2026-02-25,300346,buy,2.712834519928103,739.91790159808,2007.27482536803,4.0145496507360745
2026-02-25,300496,buy,6.9011015390980806,290.86296064416,2007.27482536803,4.0145496507360745
2026-02-25,300567,sell,4.754096942284352,429.4687751233,2041.7361906202798,4.083472381240573
2026-02-25,300661,sell,0.03903776851964419,688.04919472875,26.85990519394,0.053719810387897055
2026-02-25,300672,buy,0.14448385537110991,235.65886150823,34.04890086307,0.06809780172615104
2026-02-25,300766,buy,47.47009099548,42.285042713714,2007.27482536803,4.0145496507360745
2026-02-25,300785,buy,0.9409892074535933,209.0657794151,196.72864207748,0.3934572841549654
2026-02-25,300846,sell,1.0842021724855044e-14,35.065730659026,3.801834136030755e-13,7.60366827206151e-16
2026-02-25,300870,sell,0.35437793588080063,249.04091133831,88.25460410994,0.17650920821988755
2026-02-25,301486,buy,8.46075556015625,237.24533950854,2007.27482536803,4.0145496507360745
2026-02-25,600016,buy,18.17136987945,110.46359403192,2007.27482536803,4.0145496507360745
2026-02-25,600105,sell,8.152987967007594,245.46505308665,2001.27362413633,4.002547248272675
2026-02-25,600118,sell,1.4077447318592085,1327.2222255448,1868.39009601714,3.7367801920342925
2026-02-25,600157,sell,29.20875409356,69.761976521667,2037.66041730245,4.075320834604902
2026-02-25,600176,sell,1.213082314945926,438.94280368061,532.47375241772,1.064947504835459
2026-02-25,600183,buy,2.858160149237713,702.29613477166,2007.27482536803,4.0145496507360745
2026-02-25,600259,sell,1.8090949262200988,88.665149544863,160.40367217415,0.32080734434831587
2026-02-25,600309,buy,0.6301547952829862,3185.3678499211,2007.27482536803,4.0145496507360745
2026-02-25,600343,sell,22.96662944462,76.115374530918,1748.1136018900702,3.4962272037801556
2026-02-25,600531,sell,13.834348328529998,150.87157902392,2087.2099770935,4.1744199541870035
2026-02-25,600577,sell,6.843772492573215,298.83737758867,2045.17502449405,4.09035004898811
2026-02-25,600660,buy,0.4180318519581416,4801.726987945,2007.27482536803,4.0145496507360745
2026-02-25,600760,buy,4.6116263745992745,435.26397464115,2007.27482536803,4.0145496507360745
2026-02-25,600795,sell,1.774199010032148,1151.8672191454,2043.64167989625,4.087283359792504
2026-02-25,601126,buy,14.666654477569999,136.85976092482,2007.27482536803,4.0145496507360745
2026-02-25,601328,buy,110.43963453312,18.175312095641,2007.27482536803,4.0145496507360745
2026-02-25,601668,sell,163.84675187458,12.070885025601,1977.77530369633,3.955550607392669
2026-02-25,601868,sell,16.86936981658,2.5821302542272,43.55891017314,0.08711782034629897
2026-02-25,601869,buy,7.6775932533497,261.44584105081,2007.27482536803,4.0145496507360745
2026-02-25,603011,sell,35.30041455936,53.709859677458,1895.98031253977,3.7919606250795463
2026-02-25,603308,buy,20.00233819076,100.35200916136,2007.27482536803,4.0145496507360745
2026-02-25,603501,buy,0.010696214637293158,161.40635313267,1.7264369969297726,0.0034528739938595454
2026-02-25,603516,sell,5.720928227451681,338.49986688896,1936.53344347368,3.873066886947376
2026-02-25,603601,sell,0.38681886113266173,168.4714149019,65.16792084576,0.1303358416915222
2026-02-25,603629,buy,17.55873086994,114.31776249867,2007.27482536803,4.0145496507360745
2026-02-25,603778,buy,2.2307649093896678,94.28848564553,210.33544513753,0.4206708902750794
2026-02-25,688031,sell,0.00821212112140556,190.96,1.5681866493436059,0.003136373298687212
2026-02-25,688099,buy,20.695201425089998,96.992282613584,2007.27482536803,4.0145496507360745
2026-02-25,688122,buy,0.1803431533290211,125.49931463725,22.63294214231,0.045265884284625274
2026-02-25,688123,buy,0.2844968123970458,196.33649348725,55.857106554329995,0.11171421310867191
2026-02-25,688256,sell,1.817407915176824,1079.99,1962.7823743118101,3.925564748623636
2026-02-25,688258,sell,10.05840199173,185.89143205905,1869.7707504697398,3.739541500939484
2026-02-25,688313,sell,2.710505431213761e-15,85.559910902571,2.319106031955842e-13,4.638212063911684e-16
2026-02-25,688347,buy,0.6119490039838088,131.48211979023,80.46035224731,0.16092070449462217
2026-02-25,688472,buy,133.75847329882,15.00671154405,2007.27482536803,4.0145496507360745
2026-02-25,688516,buy,0.732592323532491,330.30684207166,241.98025691195002,0.4839605138239139
2026-02-25,688615,sell,5.731737976327228,317.22725741298,1818.2635184401101,3.6365270368802216
2026-02-25,688627,buy,6.841089566187254,293.41449281547,2007.27482536803,4.0145496507360745
2026-02-25,688726,sell,3.58945616732161,83.984905660377,301.46013758455996,0.6029202751691276
2026-02-25,688766,sell,1.8171749351695694,1073.8044687013,1951.29056579707,3.902581131594158
2026-03-04,000426,sell,3.0505230191280233,658.89754637184,2009.98213245427,4.019964264908544
2026-03-04,000547,sell,0.6516339952564908,220.15162177456,143.45828085915,0.28691656171830476
2026-03-04,000776,buy,14.521706941,131.56522890057,1910.5516977209602,3.821103395441926
2026-03-04,000938,buy,17.00844884063,112.32956724169,1910.5516977209602,3.821103395441926
2026-03-04,001267,buy,53.38601068175999,35.787497011341,1910.5516977209602,3.821103395441926
2026-03-04,001270,sell,0.0587552931435248,226.5325784037,13.30998805066,0.02661997610133582
2026-03-04,001309,sell,3.1097299057593255,614.74480672222,1911.6903098743198,3.823380619748648
2026-03-04,002008,sell,0.6765290851480907,698.96495667272,472.87012268837003,0.9457402453767403
2026-03-04,002027,buy,0.6302318916234577,85.896070879588,54.13444323346,0.10826888646693068
2026-03-04,002028,buy,1.0168078854140477e-16,3398.761909928,3.455887910659699e-13,6.9117758213194e-16
2026-03-04,002028,sell,0.008879429893300917,3398.761909928,30.17906810322,0.06035813620645439
2026-03-04,002049,buy,5.505603629396682,347.01947803139,1910.5516977209602,3.821103395441926
2026-03-04,002149,sell,0.3577496592946073,159.49875649525,57.060625794079996,0.11412125158817843
2026-03-04,002151,sell,0.009032623985145375,239.01800424602,2.158959758034179,0.004317919516068358
2026-03-04,002179,buy,3.679740186873299,519.20831381967,1910.5516977209602,3.821103395441926
2026-03-04,002237,buy,2.2239221626621335e-15,155.39608214178,3.455887910659699e-13,6.9117758213194e-16
2026-03-04,002237,sell,0.9240920597233241,155.39608214178,143.60028561933,0.28720057123866466
2026-03-04,002241,buy,0.09027988055313751,592.70970937663,53.5097617652,0.10701952353041402
2026-03-04,002340,sell,8.627996660505433,222.51011363311,1919.81651735515,3.839633034710315
2026-03-04,002409,buy,6.566065450203794,290.97359936637,1910.5516977209602,3.821103395441926
2026-03-04,002475,sell,1.1469775933952677,1615.7290926527,1853.20506626951,3.7064101325390273
2026-03-04,002536,buy,10.13711556176,188.47093989208,1910.5516977209602,3.821103395441926
2026-03-04,002594,buy,6.369907193676917,299.9339926989,1910.5516977209602,3.821103395441926
2026-03-04,002617,sell,28.029338542949997,65.906172347428,1847.30641679613,3.694612833592279
2026-03-04,002625,buy,0.10137968112914425,305.57934043975,30.97953609343,0.06195907218687214
2026-03-04,002739,buy,62.16085311102,30.735609344173,1910.5516977209602,3.821103395441926
2026-03-04,002850,buy,7.498988275463842,254.7745945906,1910.5516977209602,3.821103395441926
2026-03-04,002865,buy,15.97203831103,119.61852711064,1910.5516977209602,3.821103395441926
2026-03-04,300058,sell,4.047105625307349,435.43343195627,1762.2450919171001,3.5244901838342106
2026-03-04,300133,buy,9.43214579645244,202.55748150538,1910.5516977209602,3.821103395441926
2026-03-04,300346,buy,0.08644971843884146,685.10916814637,59.22749468612,0.11845498937224516
2026-03-04,300409,buy,12.04753051166,158.58450790986,1910.5516977209602,3.821103395441926
2026-03-04,300496,buy,0.41652947081852737,262.05467461277,109.15349494197001,0.21830698988395694
2026-03-04,300661,sell,2.9173420167425177,609.42902283464,1777.9128945378302,3.555825789075661
2026-03-04,300672,sell,8.517714175997307,228.58319927779,1947.00635688324,3.894012713766499
2026-03-04,300766,buy,0.11127994723251446,40.310525632973,4.485753165352157,0.008971506330704315
2026-03-04,300785,buy,0.9298393527292257,182.07034884585,169.296175322,0.33859235064401894
2026-03-04,300870,sell,1.0235087438897723,272.58502038386,278.99315181625,0.5579863036325051
2026-03-04,301486,sell,8.460755560156251,188.8353858288,1597.69004060527,3.1953800812105406
2026-03-04,301550,buy,6.023479148700412,317.18408091994,1910.5516977209602,3.821103395441926
2026-03-04,600016,sell,18.17136987945,110.74683401662,2012.42168389467,4.0248433677893445
2026-03-04,600176,sell,4.572975814927814,405.14235571786,1852.70619430065,3.70541238860131
2026-03-04,600183,sell,2.858160149237713,689.16040441585,1969.73080433392,3.9394616086678576
2026-03-04,600259,sell,2.666385434207493,96.034720416125,256.06557969574,0.5121311593914892
2026-03-04,600309,sell,0.03598966291206244,3228.1390613788,116.17963665228001,0.23235927330456932
2026-03-04,600660,sell,0.4180318519581416,4665.2964693456,1950.2425230143199,3.900485046028641
2026-03-04,600711,buy,16.55995918982,115.37176365115,1910.5516977209602,3.821103395441926
2026-03-04,600760,sell,0.10020902524522012,425.15411991101,42.60427993527,0.08520855987054349
2026-03-04,600795,buy,1.604716155187339,1190.5854449991,1910.5516977209602,3.821103395441926
2026-03-04,601126,sell,14.666654477569999,143.28898690315,2101.57006135046,4.203140122700923
2026-03-04,601328,sell,110.43963453312,18.338563401889,2025.30423996712,4.050608479934242
2026-03-04,601868,sell,49.35276731836,2.6346125764676,130.02542146045,0.26005084292090724
2026-03-04,601869,buy,0.08297659354623137,247.14257482999,20.50704897963,0.0410140979592743
2026-03-04,603308,buy,0.7848080262818014,92.25718517207,72.4041794052,0.14480835881041387
2026-03-04,603501,sell,12.43615747713,158.25501415514,1968.08427757963,3.9361685551592775
2026-03-04,603601,sell,11.91463149126,156.58753916193,1865.68282523831,3.731365650476637
2026-03-04,603618,buy,34.15167845301,55.943127373658,1910.5516977209602,3.821103395441926
2026-03-04,603629,sell,1.3619705463514487,118.42168646049,161.28684900845,0.3225736980169071
2026-03-04,603778,sell,0.9463207733295743,94.28848564553,89.22715265215001,0.17845430530430487
2026-03-04,688031,buy,1.822437330939039e-15,189.63,3.455887910659699e-13,6.9117758213194e-16
2026-03-04,688031,sell,0.39680887049429203,189.63,75.24686611183,0.1504937322236652
2026-03-04,688099,buy,1.3786978029785828,86.870821753471,119.76861109445,0.2395372221889091
2026-03-04,688122,sell,0.34757895355759344,122.58456939128,42.60781635132,0.08521563270265861
2026-03-04,688123,buy,0.808393947471726,173.81158755635,140.508235381,0.2810164707620106
2026-03-04,688313,buy,22.65051312379,84.349157446403,1910.5516977209602,3.821103395441926
2026-03-04,688347,sell,15.266523148320001,114.20086668507,1743.45017480609,3.486900349612189
2026-03-04,688387,buy,128.39729151350002,14.88,1910.5516977209602,3.821103395441926
2026-03-04,688469,buy,274.89952485193,6.95,1910.5516977209602,3.821103395441926
2026-03-04,688472,sell,133.75847329882,14.024677250778,1875.9194175728799,3.7518388351457603
2026-03-04,688516,sell,6.077000442311634,278.6432074827,1693.3148951195,3.386629790239001
2026-03-04,688568,buy,8.240028790691882,231.86225998132,1910.5516977209602,3.821103395441926
2026-03-04,688627,buy,0.3874709334400417,265.28717246971,102.7910683465,0.20558213669301575
2026-03-04,688668,buy,9.171982662333464,208.30302106512,1910.5516977209602,3.821103395441926
2026-03-04,688726,sell,23.90042364856,66.289528301887,1584.3478098788398,3.1686956197576914
2026-03-11,000039,buy,2.945337521010902,689.30733378605,2030.2427537080302,4.060485507416078
2026-03-11,000547,sell,0.9484649231243167,262.54490144984,249.01462977030002,0.4980292595406076
2026-03-11,000776,sell,14.521706941,125.44441756582,1821.66706927651,3.643334138553024
2026-03-11,000938,buy,0.21737403615998038,118.32682379782,25.721179274920004,0.05144235854984591
2026-03-11,001267,sell,12.483132325340002,49.834634654608,622.0923387787,1.244184677557414
2026-03-11,001270,sell,8.466983805295161,226.56922230186,1918.3579360081599,3.8367158720163363
2026-03-11,001309,buy,2.6958904493156464,753.08800260167,2030.2427537080302,4.060485507416078
2026-03-11,002008,buy,0.03390945845859103,733.71292801447,24.879808053029997,0.04975961610607573
2026-03-11,002027,sell,22.327392378979997,85.641564002907,1912.1528034425498,3.8243056068851007
2026-03-11,002028,buy,0.012537653829905609,3533.1797714554,44.297784893330004,0.08859556978666565
2026-03-11,002049,buy,0.33568734579370824,348.88017228357,117.11465903391999,0.23422931806784653
2026-03-11,002149,buy,0.17074045362720064,167.12285103161,28.534631396600002,0.05706926279321633
2026-03-11,002151,sell,0.19508024755939699,260.3421595268,50.787612930630004,0.10157522586127232
2026-03-11,002179,sell,3.679740186873299,545.34901017517,2006.74266861314,4.013485337226297
2026-03-11,002237,sell,12.34296030041,152.1515485586,1878.00052350533,3.7560010470106673
2026-03-11,002241,buy,0.13216040245515678,605.14752410124,79.97654032996,0.15995308065992317
2026-03-11,002364,buy,8.197116122578034,247.67768607254,2030.2427537080302,4.060485507416078
2026-03-11,002409,buy,0.3565425617865293,294.39183923362,104.96322052939999,0.20992644105880592
2026-03-11,002436,buy,6.148182845116754,330.21834334686,2030.2427537080302,4.060485507416078
2026-03-11,002536,sell,10.13711556176,228.92323918599,2320.62133040253,4.641242660805074
2026-03-11,002594,sell,6.369907193676917,304.81737178171,1941.6583692699999,3.8833167385400107
2026-03-11,002625,sell,6.276360577765121,306.05132971227,1920.88850057868,3.841777001157373
2026-03-11,002739,buy,3.3675221287067596,31.100423698407,104.73136501654001,0.20946273003308336
2026-03-11,002756,buy,9.08875316102116,223.37967790952,2030.2427537080302,4.060485507416078
2026-03-11,002850,sell,7.498988275463842,253.220309328,1898.89613075999,3.7977922615199984
2026-03-11,002851,buy,6.729531391332915,301.691549626,2030.2427537080302,4.060485507416078
2026-03-11,002865,sell,0.7111497054656472,133.56889312918,94.98747900818,0.18997495801637773
2026-03-11,300133,sell,9.43214579645244,208.01095216129,1961.9896280441799,3.923979256088363
2026-03-11,300303,buy,11.64974417474,174.27359118399,2030.2427537080302,4.060485507416078
2026-03-11,300346,sell,2.7992842383669445,692.22893008985,1937.7455333421299,3.8754910666842615
2026-03-11,300409,sell,12.04753051166,169.68304944397,2044.2617154881,4.088523430976205
2026-03-11,300496,sell,7.3176310099166075,282.76440750806,2069.16559688167,4.138331193763353
2026-03-11,300520,buy,20.70507928524,98.055299655618,2030.2427537080302,4.060485507416078
2026-03-11,300661,sell,3.3881317890172023e-16,737.12545683494,2.497478192796287e-13,4.994956385592574e-16
2026-03-11,300724,buy,16.18218591939,125.46158867667,2030.2427537080302,4.060485507416078
2026-03-11,300766,sell,47.58137094271,42.679946129863,2030.77034862027,4.061540697240552
2026-03-11,300785,sell,10.531003306879999,185.60671523689,1954.62493194001,3.9092498638800293
2026-03-11,300857,buy,5.617649846354225,361.40428991416,2030.2427537080302,4.060485507416078
2026-03-11,300870,sell,0.4782963727661512,310.81321849201,148.6608350125,0.29732167002500326
2026-03-11,301205,buy,4.504686353385099,450.69569653443,2030.2427537080302,4.060485507416078
2026-03-11,301358,buy,29.442531238670004,68.956121240049,2030.2427537080302,4.060485507416078
2026-03-11,301550,sell,6.023479148700412,326.14686281267,1964.53882756617,3.9290776551323434
2026-03-11,600118,buy,1.3878342425029835,1462.8856181315,2030.2427537080302,4.060485507416078
2026-03-11,600160,buy,5.836007054632972,347.88216235899,2030.2427537080302,4.060485507416078
2026-03-11,600188,buy,13.705465923979999,148.13380040983,2030.2427537080302,4.060485507416078
2026-03-11,600259,sell,19.97243980515,93.120936280884,1859.8522944695699,3.71970458893914
2026-03-11,600309,buy,0.04318759777947259,3197.3292904135,138.0849713629,0.2761699427258094
2026-03-11,600331,buy,15.129392942960001,134.19195081793,2030.2427537080302,4.060485507416078
2026-03-11,600601,buy,0.028801058796121277,70491.948510638,2030.2427537080302,4.060485507416078
2026-03-11,600711,sell,16.55995918982,113.28253654278,1875.95418206808,3.7519083641361672
2026-03-11,600760,sell,4.511417349354054,419.75190745979,1893.6760377385501,3.787352075477108
2026-03-11,600795,buy,0.0696456204134024,1217.2042252734,84.77294343898001,0.16954588687796152
2026-03-11,600989,buy,59.888429575109996,33.900417294492,2030.2427537080302,4.060485507416078
2026-03-11,601126,buy,12.5074988483,162.32204202711,2030.2427537080302,4.060485507416078
2026-03-11,601328,buy,111.03842205251999,18.284146299806,2030.2427537080302,4.060485507416078
2026-03-11,601778,buy,343.50196594253,5.9104254269324,2030.2427537080302,4.060485507416078
2026-03-11,601868,sell,728.0188707242601,3.3063863011446,2407.1116211374597,4.814223242274933
2026-03-11,601869,sell,7.760569846895932,266.62028998827,2069.12538305361,4.138250766107235
2026-03-11,601985,buy,185.67645971695998,10.934303448067,2030.2427537080302,4.060485507416078
2026-03-11,603308,sell,0.5229238246602517,100.59009221987,52.60095574654,0.10520191149308371
2026-03-11,603618,sell,3.8828785205209426,67.342610336724,261.48317519227,0.5229663503845544
2026-03-11,603629,buy,0.9707949272180398,118.70753191057,115.24066980135,0.2304813396027099
2026-03-11,603778,sell,3.1509878797463697,118.57013579505,373.61306079008,0.7472261215801677
2026-03-11,605117,buy,3.1223424917364095,650.23063904145,2030.2427537080302,4.060485507416078
2026-03-11,688031,sell,2.1210377131032634,255.0,540.8646168413301,1.0817292336826645
2026-03-11,688099,buy,0.3240317750637723,91.002236415932,29.487616200619996,0.05897523240125502
2026-03-11,688122,sell,15.64673010836,126.91161388015,1985.7517700001301,3.971503540000271
2026-03-11,688123,buy,0.22843221286261298,181.00610974921,41.34762619166,0.08269525238333005
2026-03-11,688167,buy,5.9933706627006,338.74807148891,2030.2427537080302,4.060485507416078
2026-03-11,688313,sell,22.65051312379,84.460143179885,1913.06558153375,3.826131163067502
2026-03-11,688361,buy,11.65948358581,174.12801679984,2030.2427537080302,4.060485507416078
2026-03-11,688387,sell,128.39729151350002,16.5,2118.55530997284,4.237110619945684
2026-03-11,688469,sell,274.89952485193,7.27,1998.5195456735798,3.9970390913471654
2026-03-11,688568,buy,0.013013899350482949,246.98371171923,3.214221165522755,0.006428442331045511
2026-03-11,688627,buy,0.7630604044405549,254.96707651551,194.55528052495,0.3891105610499019
2026-03-11,688668,sell,9.171982662333464,222.5866567953,2041.5609569932599,4.083121913986521
2026-03-11,688726,sell,2.710505431213761e-15,67.934905660377,1.8413793076144633e-13,3.682758615228926e-16
2026-03-11,688795,buy,3.4971625619389513,580.54,2030.2427537080302,4.060485507416078
2026-03-18,000039,buy,0.2213551008105027,612.89090990479,135.66652914781,0.2713330582956311
2026-03-18,000338,buy,3.311576654932482,583.90037556992,1933.63085254365,3.867261705087311
2026-03-18,000547,sell,7.7639290953944595,233.51052411304,1812.9591522420399,3.6259183044840815
2026-03-18,000938,sell,0.5778032169543171,116.61332192464,67.37955254778,0.1347591050955728
2026-03-18,001267,buy,4.138606506084706,43.08619454513,178.3168050669,0.35663361013381273
2026-03-18,001270,sell,1.3552527156068803e-15,196.9426306423,2.669070349967399e-13,5.338140699934797e-16
2026-03-18,001309,sell,0.584674433731783,919.55577338866,537.6407510908,1.0752815021816131
2026-03-18,002008,buy,0.2492394361380643,641.08505051844,159.78367650775002,0.31956735301551686
2026-03-18,002028,buy,0.006265358955444392,3329.0404957713,20.85763368321,0.04171526736643551
2026-03-18,002049,sell,0.13984988445385363,340.50704814876,47.61987133932,0.09523974267865373
2026-03-18,002149,sell,12.196211465820001,148.80478318539,1814.8546028558699,3.629709205711745
2026-03-18,002151,sell,7.829619309138633,277.858429936,2175.52572823384,4.351051456467699
2026-03-18,002179,buy,3.7006335779394472,522.51345933588,1933.63085254365,3.867261705087311
2026-03-18,002230,buy,2.768289234595221,698.49307232031,1933.63085254365,3.867261705087311
2026-03-18,002241,sell,0.10429238762171365,594.86240807896,62.03962084495,0.12407924168991379
2026-03-18,002353,buy,2.183072504508703,885.73826501416,1933.63085254365,3.867261705087311
2026-03-18,002364,buy,1.2372281382756818,205.66993741709,254.46063376982002,0.5089212675396445
2026-03-18,002409,sell,6.922608011990323,286.74149286406,1984.9989558707998,3.9699979117416153
2026-03-18,002414,buy,9.619821090425788,201.00486634498,1933.63085254365,3.867261705087311
2026-03-18,002436,sell,6.148182845116754,307.44001680579,1890.19743722776,3.780394874455529
2026-03-18,002739,sell,1.797137415726479,30.461998578498,54.744397403220006,0.10948879480645116
2026-03-18,002756,sell,9.088753161021161,211.54055498031,1922.6398877614602,3.8452797755229264
2026-03-18,002796,buy,14.55695309896,132.83211393195,1933.63085254365,3.867261705087311
2026-03-18,002851,sell,6.729531391332915,252.24655384074,1697.5011024268,3.3950022048536166
2026-03-18,002865,sell,15.260888605569999,122.82769744474,1874.4598083829999,3.748919616766002
2026-03-18,002969,buy,62.11389914952,31.130405255816,1933.63085254365,3.867261705087311
2026-03-18,300001,buy,9.205179703199617,210.05900100696,1933.63085254365,3.867261705087311
2026-03-18,300303,buy,0.46106201233146016,160.27708337098,73.89767458964,0.14779534917928247
2026-03-18,300346,buy,3.007539012128903,642.92793700951,1933.63085254365,3.8672617050873104
2026-03-18,300483,buy,54.05906879845,35.768852396493,1933.63085254365,3.867261705087311
2026-03-18,300520,buy,1.6782059411763897,86.707453266081,145.51296321541,0.29102592643082253
2026-03-18,300657,buy,18.14664102835,106.55585513169,1933.63085254365,3.867261705087311
2026-03-18,300724,sell,0.726493330238654,125.6094390337,91.254419673,0.18250883934600376
2026-03-18,300857,buy,0.14253954991591006,337.00078480741,48.03594018775,0.09607188037551338
2026-03-18,300870,buy,0.8809448562931074,260.84394495193,229.78913160059997,0.4595782632012103
2026-03-18,301205,buy,0.41942041644747896,394.12596511896,165.30447642295,0.3306089528459175
2026-03-18,301358,sell,29.442531238670004,81.669906093683,2404.56876142295,4.809137522845915
2026-03-18,301396,buy,7.304191744181003,264.72892830122,1933.63085254365,3.867261705087311
2026-03-18,600118,sell,1.3878342425029835,1277.792090448,1773.3636179232,3.5467272358464075
2026-03-18,600160,sell,5.836007054632972,318.50731149635,1858.8109168448798,3.717621833689761
2026-03-18,600188,sell,13.705465923979999,154.79323942459,2121.51346819772,4.243026936395442
2026-03-18,600309,buy,0.030356998476143107,2906.992507552,88.24756712191,0.17649513424383098
2026-03-18,600331,buy,1.0626530867355235,119.86566422309,127.37561808027002,0.25475123616054085
2026-03-18,600601,sell,0.028801058796121277,67635.921130833,1947.9861412189398,3.8959722824378855
2026-03-18,600760,buy,4.96144943181412,389.73104112373,1933.63085254365,3.867261705087311
2026-03-18,600795,sell,0.06662577968609872,1207.52466881,80.45227254966,0.1609045450993288
2026-03-18,600869,buy,17.02354249456,113.58569188293,1933.63085254365,3.867261705087311
2026-03-18,600938,buy,37.62315853736,51.394697513853,1933.63085254365,3.867261705087311
2026-03-18,600989,sell,9.995245831284711,38.910743518968,388.92244695015,0.7778448939003071
2026-03-18,601016,buy,161.38399977963,11.981552416497,1933.63085254365,3.867261705087311
2026-03-18,601126,buy,0.2151039119418352,152.58271950549,32.82113986035,0.06564227972070932
2026-03-18,601328,sell,111.03842205251999,18.909942973758,2099.73022890938,4.1994604578187795
2026-03-18,601778,sell,343.50196594253,5.4298198991369,1865.1538100674302,3.730307620134867
2026-03-18,601985,sell,9.121008200251111,10.995870471986,100.29342474388,0.20058684948776676
2026-03-18,603308,sell,20.26422239238,89.29602713187,1809.51455255658,3.619029105113179
2026-03-18,603618,buy,1.8008928150416108,60.522688448416,108.99487477375,0.21798974954750852
2026-03-18,603629,buy,2.893598041484118e-15,119.42214553576,3.455596864321064e-13,6.911193728642128e-16
2026-03-18,603629,sell,0.9110990693252792,119.42214553576,108.80540565445,0.21761081130891802
2026-03-18,603659,buy,14.587666616509999,132.55244333283,1933.63085254365,3.867261705087311
2026-03-18,603778,sell,4.724050392557714,155.71790706275,735.61923998804,1.4712384799760996
2026-03-18,605117,sell,3.1223424917364095,688.42164960274,2149.4881687859,4.298976337571817
2026-03-18,688031,buy,2.962731804415844,177.0,524.4035293816,1.0488070587632088
2026-03-18,688099,sell,1.2244173517088561,91.689121983285,112.26575191928,0.22453150383856812
2026-03-18,688123,sell,11.260472257470001,171.17583736981,1927.5207678535198,3.8550415357070444
2026-03-18,688167,sell,5.9933706627006,302.57971013718,1813.4723578646199,3.626944715729252
2026-03-18,688313,sell,2.710505431213761e-15,78.083508310731,2.1164577336446124e-13,4.2329154672892247e-16
2026-03-18,688361,buy,0.13803974371903407,164.55062487195,22.71452608613,0.04542905217226178
2026-03-18,688372,buy,8.287983398255486,233.3053481925,1933.63085254365,3.867261705087311
2026-03-18,688388,buy,33.06368593552,58.482011240801,1933.63085254365,3.867261705087311
2026-03-18,688498,buy,1.6202782451712339,1193.3943187266,1933.63085254365,3.867261705087311
2026-03-18,688568,buy,0.5503672857047417,220.47076633876,121.33989724710001,0.2426797944942154
2026-03-18,688627,sell,7.991620904067851,242.82578715763,1940.5716366956399,3.881143273391293
2026-03-18,688795,sell,0.005470338916029134,556.0,3.0415084373121988,0.006083016874624399
2026-03-25,000039,sell,3.166692621821405,593.13700441168,1878.28257559971,3.756565151199434
2026-03-25,000338,sell,3.311576654932482,582.25756904702,1928.19057281384,3.8563811456276977
2026-03-25,000737,buy,51.354783569670005,36.867801274322,1893.33795513262,3.7866759102652434
2026-03-25,000893,buy,20.597453269000003,91.920973452676,1893.33795513262,3.7866759102652434
2026-03-25,000938,sell,1.1020028004051188,122.27739756098,134.75003453845,0.26950006907690005
2026-03-25,000975,buy,6.162789827804006,307.22091910236,1893.33795513262,3.7866759102652434
2026-03-25,001267,sell,1.447558161619784,43.605305322782,63.12121560991,0.1262424312198314
2026-03-25,001309,sell,0.020347372290622716,909.15634040828,18.49894252866,0.036997885057334784
2026-03-25,001896,buy,100.65896666771,18.809431666259,1893.33795513262,3.7866759102652434
2026-03-25,002008,sell,0.014096525049561557,630.8709494324,8.89308814171451,0.01778617628342902
2026-03-25,002028,sell,0.006661182336663074,3297.4774231463,21.9650983666,0.0439301967332148
2026-03-25,002049,sell,5.701441090736536,315.85284930739,1800.81641366736,3.601632827334736
2026-03-25,002074,buy,11.2297351109,168.60041100119,1893.33795513262,3.7866759102652434
2026-03-25,002179,buy,0.11582944354447766,498.02533573849,57.685997509639996,0.11537199501928193
2026-03-25,002230,sell,2.768289234595221,642.8645004861,1779.6348759991001,3.5592697519982104
2026-03-25,002241,sell,3.2635796944544064,540.56656303115,1764.18205860946,3.5283641172189384
2026-03-25,002353,sell,2.183072504508703,882.85852484219,1927.34417095409,3.854688341908197
2026-03-25,002364,buy,0.15229233931977024,198.27657365373,30.19600323403,0.06039200646807053
2026-03-25,002409,buy,7.2184099247611915,262.29293914688,1893.33795513262,3.7866759102652434
2026-03-25,002414,buy,0.6277675841412798,185.45434659909,116.42222713301,0.2328444542660206
2026-03-25,002426,buy,94.48106358476,20.039337866196,1893.33795513262,3.7866759102652434
2026-03-25,002517,buy,16.39868186205,115.45671603727,1893.33795513262,3.7866759102652434
2026-03-25,002739,sell,63.731237824,29.458759104356,1877.44318247977,3.7548863649595443
2026-03-25,002796,sell,14.55695309896,119.11323545189,1733.92578193903,3.467851563878068
2026-03-25,002969,buy,5.999658428842217,27.898346344654,167.38054879746,0.33476109759492567
2026-03-25,300001,buy,0.29829312418689435,199.99924308867,59.65839905593,0.11931679811186702
2026-03-25,300085,buy,3.839903513129573,493.06914839366,1893.33795513262,3.7866759102652434
2026-03-25,300118,buy,29.014059500720002,65.255878967408,1893.33795513262,3.7866759102652434
2026-03-25,300265,buy,39.10445650551,48.417447123086,1893.33795513262,3.7866759102652434
2026-03-25,300303,sell,0.2125412761396114,159.76501601197,33.95666038564,0.06791332077129911
2026-03-25,300346,sell,3.007539012128904,613.64287844953,1845.5548964520299,3.691109792904073
2026-03-25,300398,buy,13.35373502631,141.7834000302,1893.33795513262,3.7866759102652434
2026-03-25,300409,buy,12.88407355953,146.95181197037,1893.33795513262,3.786675910265244
2026-03-25,300483,sell,54.05906879845,38.959586315288,2106.11895697734,4.2122379139546915
2026-03-25,300520,sell,22.38328522642,81.528872572443,1824.88400897756,3.64976801795513
2026-03-25,300602,buy,12.796747085600002,147.95462803686,1893.33795513262,3.7866759102652434
2026-03-25,300620,buy,4.297391235047653,440.57844668444,1893.33795513262,3.7866759102652434
2026-03-25,300657,buy,0.5839384375797577,101.47518347928,59.25526009401,0.11851052018802002
2026-03-25,300672,buy,6.491998727367068,291.64176313702,1893.33795513262,3.7866759102652434
2026-03-25,300724,sell,15.45569258915,136.3391506579,2107.21600043463,4.2144320008692695
2026-03-25,300857,buy,0.5856073735384183,299.44602956185,175.35780288822,0.35071560577644517
2026-03-25,300870,buy,0.23808335132137237,247.57456770478,58.94338278109,0.11788676556218808
2026-03-25,300903,buy,28.74236431142,65.872728305094,1893.33795513262,3.7866759102652434
2026-03-25,301205,buy,8.151174507131499e-16,423.93852092085,3.455596864321066e-13,6.911193728642133e-16
2026-03-25,301205,sell,0.4401394250349258,423.93852092085,186.59205684825,0.3731841136965196
2026-03-25,301396,sell,0.12307578325782743,264.71184901553,32.57961815521,0.06515923631042822
2026-03-25,600010,buy,102.11995529279001,18.540332785146,1893.33795513262,3.7866759102652434
2026-03-25,600028,buy,90.67635620941999,20.880172453773,1893.33795513262,3.7866759102652434
2026-03-25,600105,buy,8.410106255593163,225.12652011661,1893.33795513262,3.7866759102652434
2026-03-25,600227,buy,115.96931543057,16.326197564442,1893.33795513262,3.7866759102652434
2026-03-25,600309,buy,0.019102982011125105,2767.4423684738,52.86640178177999,0.1057328035635609
2026-03-25,600331,sell,16.1920460297,107.26717098643,1736.87497008846,3.473749940176929
2026-03-25,600760,sell,4.96144943181412,369.43415719986,1832.92888933197,3.6658577786639484
2026-03-25,600795,sell,0.03350191762931344,1207.52466881,40.45439198983,0.08090878397967322
2026-03-25,600869,sell,1.401965571835475,121.68595356369,170.59951747226,0.3411990349445275
2026-03-25,600905,buy,403.39257494086,4.6935369482449,1893.33795513262,3.7866759102652434
2026-03-25,600938,sell,37.62315853736,52.436742694985,1972.8358835964798,3.945671767192966
2026-03-25,600989,sell,49.89318374382,35.753879262973,1783.8748676220698,3.567749735244142
2026-03-25,601016,sell,19.29588721858,13.378504716178,258.15011815662,0.5163002363132573
2026-03-25,601126,sell,12.72260276024,141.28383226634,1797.4980743695,3.5949961487390096
2026-03-25,601668,buy,161.98378653504,11.688441143602,1893.33795513262,3.7866759102652434
2026-03-25,601778,sell,4.336808689942019e-14,5.6547841887433,2.4523717209488667e-13,4.904743441897734e-16
2026-03-25,601985,sell,176.5554515167,11.180571543744,1973.99085712059,3.9479817142411977
2026-03-25,603308,buy,20.29327263047,93.298798553045,1893.33795513262,3.7866759102652434
2026-03-25,603588,buy,19.39439755164,97.622932091145,1893.33795513262,3.7866759102652434
2026-03-25,603618,sell,32.06969274753,68.298058330738,2190.29774591971,4.380595491839421
2026-03-25,603629,sell,16.25645618148,117.666237771,1912.83603836419,3.8256720767283974
2026-03-25,603659,sell,14.587666616509999,136.44475451169,1990.4105903885898,3.98082118077719
2026-03-25,603778,buy,2.230885294822802e-15,154.89800718757,3.455596864321066e-13,6.911193728642133e-16
2026-03-25,603778,sell,0.19517655533667716,154.89800718757,30.23245947138,0.060464918942771534
2026-03-25,688031,sell,10.95637886015,147.9,1620.4484334171502,3.240896866834312
2026-03-25,688099,sell,21.17351365143,81.73938251501,1730.7099315410399,3.4614198630820976
2026-03-25,688167,sell,6.776263578034403e-16,320.73449274541,2.1733814614100613e-13,4.346762922820123e-16
2026-03-25,688361,sell,11.79752332953,159.41593935669,1880.71326365993,3.7614265273198737
2026-03-25,688372,sell,8.287983398255486,218.30223140608,1809.28526969571,3.6185705393914374
2026-03-25,688388,buy,1.8296083845391735,54.466828379492,99.65296588237,0.1993059317647495
2026-03-25,688411,buy,7.0039055928031395,270.32602453667,1893.33795513262,3.7866759102652434
2026-03-25,688498,sell,0.41853719515189297,1581.8103941613,662.04648563438,1.3240929712687617
2026-03-25,688568,buy,0.24820546467106122,209.98655980047,52.11981164995,0.10423962329990648
2026-03-25,688795,sell,3.4916922230229224,541.06,1889.21499418878,3.7784299883775643
2026-04-01,000737,sell,51.354783569670005,37.693816239393,1935.7577748891501,3.871515549778313
2026-04-01,000893,sell,20.597453269000003,95.270818356167,1962.3362289906797,3.9246724579813614
2026-04-01,000938,sell,15.54601685943,121.37304935013,1886.86747147823,3.7737349429564673
2026-04-01,000973,buy,34.25314908619,54.788055549752,1876.66343488815,3.7533268697763082
2026-04-01,000975,sell,6.162789827804006,333.55728914019,2055.64346850304,4.111286937006085
2026-04-01,001267,sell,43.59392670088,40.5944628124,1769.67203630541,3.539344072610836
2026-04-01,001309,sell,0.3315302068830695,1070.962296411,355.0563516931,0.710112703386212
2026-04-01,001896,buy,24.15973162249,15.08367389323,364.41751314161996,0.7288350262832438
2026-04-01,002008,sell,3.013178029074231,634.47592628629,1911.7889210623703,3.8235778421247413
2026-04-01,002028,buy,0.0031638853410913066,3250.525389739,10.28428963144,0.020568579262880655
2026-04-01,002049,sell,6.776263578034403e-16,313.06180792912,2.1213893267436976e-13,4.242778653487395e-16
2026-04-01,002074,sell,11.2297351109,165.45709072043,1858.03930101095,3.71607860202192
2026-04-01,002179,sell,0.1493055260267889,513.79989388405,76.71316342886,0.1534263268577328
2026-04-01,002309,buy,104.94452609528,17.882432792961,1876.66343488815,3.7533268697763082
2026-04-01,002353,sell,3.3881317890172023e-16,881.37502232936,2.9862147311998506e-13,5.972429462399701e-16
2026-04-01,002364,buy,0.8934389195369558,179.72595184748,160.57416023136,0.3211483204627269
2026-04-01,002409,sell,7.2184099247611915,265.3205230293,1915.19229667752,3.830384593355059
2026-04-01,002414,sell,10.24758867456,186.03029177487,1906.3619111185599,3.8127238222371305
2026-04-01,002426,buy,4.747801322407752,18.984635873239,90.13527930439,0.18027055860878757
2026-04-01,002517,sell,0.25086803025086263,116.68360507793,29.27218616846,0.058544372336939716
2026-04-01,002536,buy,11.52433816879,162.84348891895,1876.66343488815,3.7533268697763082
2026-04-01,002602,buy,11.82000189959,158.77014664033,1876.66343488815,3.7533268697763082
2026-04-01,002756,buy,7.872635967755363,238.37802771201,1876.66343488815,3.753326869776309
2026-04-01,002851,buy,7.964890920284995,235.61696621716,1876.66343488815,3.7533268697763082
2026-04-01,002969,buy,5.232123481146481,25.681765402202,134.37016779815,0.2687403355963128
2026-04-01,003816,buy,347.29835582659,5.403605872022,1876.66343488815,3.7533268697763082
2026-04-01,300001,buy,0.13046219762878875,195.56732176803,25.51414258223,0.051028285164467314
2026-04-01,300054,buy,2.872276672935498,653.37140135953,1876.66343488815,3.7533268697763082
2026-04-01,300085,sell,3.839903513129573,422.61499678414,1622.8008108526599,3.2456016217053247
2026-04-01,300118,sell,29.014059500720002,57.291028643763,1662.2453139279999,3.3244906278560005
2026-04-01,300157,buy,46.335734221020004,40.50142868,1876.66343488815,3.7533268697763082
2026-04-01,300166,buy,6.761845294827375,277.53717410893,1876.66343488815,3.7533268697763082
2026-04-01,300265,sell,39.10445650551,50.723039843233,1983.49690537703,3.9669938107540688
2026-04-01,300303,buy,0.36548687947210345,153.62020770382,56.14617033752,0.11229234067505113
2026-04-01,300398,sell,13.35373502631,149.46428245559,1995.9064238095198,3.991812847619044
2026-04-01,300409,sell,12.88407355953,148.85102763396,1917.80758944772,3.835615178895459
2026-04-01,300568,buy,16.93426044598,110.82051329461,1876.66343488815,3.7533268697763082
2026-04-01,300602,sell,12.796747085600002,146.18414898208,1870.68158244823,3.741363164896479
2026-04-01,300620,sell,4.297391235047653,431.80049543638,1855.61566437753,3.7112313287550664
2026-04-01,300657,sell,18.730579465920002,102.51205524508,1920.11019698376,3.8402203939675257
2026-04-01,300672,buy,0.6316363998544346,264.40373931938,167.00702601173998,0.3340140520234872
2026-04-01,300763,buy,4.12258317626759,455.21542068369,1876.66343488815,3.7533268697763082
2026-04-01,300857,sell,0.19104490247507472,306.13502747728,58.4855364686,0.11697107293720253
2026-04-01,300870,sell,0.38570071954897234,258.40692313845,99.66773619092999,0.1993354723818723
2026-04-01,300895,buy,18.83073106907,99.659616400643,1876.66343488815,3.7533268697763082
2026-04-01,300903,buy,3.0590229283472277,59.22568643323,181.17273274635,0.3623454654927078
2026-04-01,301205,buy,0.29551557098735043,394.12596511896,116.47035962307,0.23294071924614004
2026-04-01,301396,sell,0.4291787278167398,279.05844900088,119.76595012870999,0.23953190025742047
2026-04-01,301486,buy,12.01606842756,156.17948967262,1876.66343488815,3.753326869776309
2026-04-01,301511,buy,33.50859532989,56.005434319527,1876.66343488815,3.7533268697763082
2026-04-01,600010,sell,0.8922053667746147,18.613326221308,16.606909548169998,0.03321381909635532
2026-04-01,600028,sell,0.5918159737958035,20.915743446029,12.37827107517,0.024756542150349697
2026-04-01,600105,sell,8.410106255593163,249.84835760606,2101.2512352524,4.202502470504806
2026-04-01,600227,sell,4.630449836901103,16.922977632072,78.3609990163,0.1567219980326176
2026-04-01,600309,sell,0.6868127106376646,2932.3652601117,2013.98573287703,4.027971465754074
2026-04-01,600726,buy,109.77242336233,17.095946116574,1876.66343488815,3.7533268697763082
2026-04-01,600732,buy,24.06011943174,77.998924328378,1876.66343488815,3.7533268697763082
2026-04-01,600795,buy,0.024486207761000994,1178.4859994198,28.856653025219998,0.057713306050448235
2026-04-01,600869,sell,15.62157692272,125.59956313978,1962.0632370493302,3.9241264740986606
2026-04-01,600900,buy,21.48439502877,87.350071173734,1876.66343488815,3.7533268697763082
2026-04-01,600905,buy,18.90242914967,4.4609743066652,84.32325077027001,0.16864650154055166
2026-04-01,601016,sell,142.08811256105,11.712907743481,1664.26495387298,3.3285299077459682
2026-04-01,601328,buy,98.39271845804,19.073194280006,1876.66343488815,3.7533268697763082
2026-04-01,601390,buy,239.29325569103,7.8425253961658,1876.66343488815,3.7533268697763082
2026-04-01,601668,sell,5.580706679550877,12.046982282976,67.23067449503,0.13446134899007048
2026-04-01,603067,buy,18.95327276456,99.015270776692,1876.66343488815,3.7533268697763082
2026-04-01,603077,buy,45.62183479043,41.135202990162,1876.66343488815,3.7533268697763082
2026-04-01,603308,sell,20.29327263047,94.593375183686,1919.60915163926,3.8392183032785203
2026-04-01,603588,sell,2.0238209617432417,108.46992454572,219.52370701433,0.43904741402867187
2026-04-01,603606,buy,7.239085720124499,259.24039408334,1876.66343488815,3.7533268697763082
2026-04-01,603778,sell,0.5472836983720701,160.70037553499,87.94869585256,0.1758973917051397
2026-04-01,688099,sell,2.710505431213761e-15,81.840395098444,2.2182883540701258e-13,4.4365767081402514e-16
2026-04-01,688388,sell,34.89329432006,62.249882114276,2172.1034580026903,4.344206916005395
2026-04-01,688411,buy,0.9379146667114215,237.13627773427,222.41359289632,0.4448271857926499
2026-04-01,688498,buy,0.07307169675905326,1477.6698521969,107.97584334972001,0.21595168669945383
2026-04-01,688568,sell,0.03979371498215855,209.0792726962,8.320040986349586,0.016640081972699176
2026-04-09,000425,buy,5.291815627882884,360.37506668303,1907.03840977259,3.814076819545189
2026-04-09,000973,sell,34.25314908619,51.608523040685,1767.75443383069,3.5355088676613837
2026-04-09,001309,buy,0.1885902963725199,982.55091905503,185.29956902567,0.3705991380513598
2026-04-09,001896,buy,5.611366994507666,14.677227590718,82.35931047343,0.1647186209468645
2026-04-09,002028,buy,0.02180300176243083,3183.0023985511,69.39900690543,0.1387980138108624
2026-04-09,002179,sell,0.06289460793209825,531.22702478772,33.41131544695,0.06682263089391738
2026-04-09,002309,sell,104.94452609528,18.523785867814,1943.9699293883498,3.887939858776718
2026-04-09,002364,sell,10.48007551971,214.60918633097,2249.12047997217,4.498240959944352
2026-04-09,002426,sell,99.22886490717,18.773695474647,1862.8924920621098,3.7257849841242354
2026-04-09,002517,sell,0.7043859024172787,123.98036621452,87.33002213803,0.17466004427607873
2026-04-09,002536,sell,0.758064511452363,177.84071919695,134.81473791437,0.2696294758287456
2026-04-09,002602,sell,0.32452586930034616,166.55959659664,54.05289787583,0.10810579575167915
2026-04-09,002648,buy,5.203487430722425,366.49236404667,1907.03840977259,3.814076819545189
2026-04-09,002733,buy,28.19950359114,67.626665966267,1907.03840977259,3.814076819545189
2026-04-09,002738,buy,7.669673299767287,248.64662877237,1907.03840977259,3.814076819545189
2026-04-09,002756,buy,0.3642626267723854,232.41059917357,84.6584953447,0.16931699068941725
2026-04-09,002851,sell,7.964890920284995,236.1308017898,1880.75607917519,3.7615121583503868
2026-04-09,002969,buy,2.948562708885845,25.092133033274,73.98572774831,0.14797145549662877
2026-04-09,003816,buy,14.815618022430002,5.2866447059609,78.32490858383,0.15664981716767004
2026-04-09,300001,sell,9.633935025015298,197.95915232203,1907.12561107754,3.814251222155087
2026-04-09,300033,buy,0.6547754402508148,2912.5075446356,1907.03840977259,3.814076819545189
2026-04-09,300054,sell,2.872276672935498,666.97251102304,1915.72958490069,3.8314591698013833
2026-04-09,300157,sell,46.335734221020004,39.887770669697,1848.22914042015,3.696458280840307
2026-04-09,300166,buy,1.154880453719077e-15,299.21684562181,3.4555968643210697e-13,6.91119372864214e-16
2026-04-09,300166,sell,0.3628678364768134,299.21684562181,108.5761694082,0.2171523388164058
2026-04-09,300303,sell,12.26375179041,161.81328544802,1984.43796912553,3.9688759382510734
2026-04-09,300390,buy,3.1774572125742506,600.17752630179,1907.03840977259,3.814076819545189
2026-04-09,300548,buy,3.396446725316204,561.48044235702,1907.03840977259,3.814076819545189
2026-04-09,300568,buy,0.6078616553645101,109.13251872125,66.33747348399,0.1326749469679948
2026-04-09,300672,sell,7.123635127221502,258.7857945392,1843.4955764053702,3.686991152810743
2026-04-09,300763,sell,4.12258317626759,409.62100042109,1688.69664498188,3.3773932899637704
2026-04-09,300766,buy,51.108797684529996,37.313309961695,1907.03840977259,3.814076819545189
2026-04-09,300857,sell,6.154751867333479,321.69545059413,1979.9556752569,3.9599113505138135
2026-04-09,300870,sell,7.2915427695892685,298.43190851587,2176.02902475361,4.352058049507236
2026-04-09,300895,sell,18.83073106907,92.168384632592,1735.59806408783,3.4711961281756785
2026-04-09,300903,buy,0.7232307954431249,58.863449818959,42.57185963509,0.08514371927018437
2026-04-09,301128,buy,8.07537921333035,236.1546571862,1907.03840977259,3.814076819545189
2026-04-09,301205,sell,0.2263706742035542,420.5215572783,95.19374843821,0.19038749687643464
2026-04-09,301396,sell,0.7901472270323957,321.15888824363,253.76280498250998,0.5075256099650226
2026-04-09,301486,sell,0.4508182527172423,165.55472828915,74.63509333639,0.14927018667278483
2026-04-09,301511,sell,0.11622210531941841,57.33889704142,6.664047330847203,0.01332809466169441
2026-04-09,600010,sell,7.546046133424096,20.438162125357,154.22731428034,0.30845462856069
2026-04-09,600016,buy,18.00251891222,105.93175427677,1907.03840977259,3.814076819545189
2026-04-09,600028,sell,90.08454023563,20.951314438284,1887.3895285049898,3.774779057009984
2026-04-09,600141,buy,20.20551970511,94.382051914763,1907.03840977259,3.814076819545189
2026-04-09,600227,buy,2.652935723794767,16.795096189009,44.55631066439,0.08911262132878267
2026-04-09,600276,buy,0.6419492599794401,2970.6995998931,1907.03840977259,3.814076819545189
2026-04-09,600722,buy,29.01426089865,65.727623268907,1907.03840977259,3.814076819545189
2026-04-09,600726,buy,33.11247549622,13.387734518721,443.3010312011,0.8866020624022172
2026-04-09,600732,sell,24.06011943174,77.835061041974,1872.7208646467898,3.7454417292935926
2026-04-09,600795,buy,0.04265873947312461,1166.3865538406,49.75658012524,0.09951316025048355
2026-04-09,600821,buy,62.38892069252,30.566940229198,1907.03840977259,3.814076819545189
2026-04-09,600900,buy,0.877046672597385,85.610799845053,75.0846671425,0.15016933428500892
2026-04-09,600905,buy,18.32594103153,4.3446929858754,79.62058745927,0.15924117491854883
2026-04-09,601328,sell,98.39271845804,18.773900218551,1847.21507856324,3.6944301571264972
2026-04-09,601390,buy,14.481481146730001,7.5430835174032,109.23502174549,0.21847004349098603
2026-04-09,601601,buy,29.87071510169,63.843078522906,1907.03840977259,3.814076819545189
2026-04-09,601668,buy,3.4692809848858013,11.975274055102,41.54559056816,0.0830911811363233
2026-04-09,601975,buy,367.444780303,5.19,1907.03840977259,3.814076819545189
2026-04-09,603067,sell,18.95327276456,118.99579358793,2255.35973370821,4.510719467416423
2026-04-09,603077,buy,1.0832086603579092,40.991373609077,44.40221089331,0.08880442178663772
2026-04-09,603296,buy,13.671921087549999,139.48576776885,1907.03840977259,3.814076819545189
2026-04-09,603501,buy,14.74252754661,129.35627243986,1907.03840977259,3.814076819545189
2026-04-09,603588,sell,17.37057658989,121.85257757408,2116.64953142714,4.233299062854288
2026-04-09,603606,sell,7.239085720124499,245.82567968268,1779.5531674307801,3.559106334861576
2026-04-09,603618,buy,22.374531815130002,85.232550362575,1907.03840977259,3.814076819545189
2026-04-09,603778,sell,2.2378274321336873,201.82150773625,451.64170640676,0.9032834128135229
2026-04-09,688268,buy,18.76836440708,101.60919558089,1907.03840977259,3.814076819545189
2026-04-09,688411,buy,0.6355535569747015,223.15844427043,141.82914302501,0.28365828605002497
2026-04-09,688498,sell,0.07080283192375458,1590.2542218881,112.59450238838001,0.2251890047767685
2026-04-09,688568,sell,9.011821725436008,201.72016618375,1817.8661760732798,3.6357323521465603
2026-04-09,688802,buy,3.146928068931674,606.0,1907.03840977259,3.814076819545189
2026-04-16,000425,buy,0.37864215414785657,350.04053655613,132.54010280068,0.2650802056013692
2026-04-16,000630,buy,13.01171035188,151.97813510721,1977.49547383537,3.95499094767075
2026-04-16,000973,buy,38.27356028349,51.667403272335,1977.49547383537,3.95499094767075
2026-04-16,001309,sell,0.3677154826840791,1256.4261863226,462.00736156053,0.9240147231210631
2026-04-16,001896,sell,23.26742111216,18.527177289514,431.07963601494004,0.862159272029886
2026-04-16,002028,buy,0.001827757002667186,3291.0391844516,6.015219915433517,0.012030439830867032
2026-04-16,002155,buy,18.78921044245,105.24633165892,1977.49547383537,3.95499094767075
2026-04-16,002179,sell,3.6042628875250378,539.33965469115,1943.92190117388,3.8878438023477626
2026-04-16,002517,buy,1.5751071376539285,116.61903197053,183.68746964307002,0.367374939286147
2026-04-16,002536,buy,1.675633599863391e-15,206.22628148557,3.455596864321067e-13,6.911193728642134e-16
2026-04-16,002536,sell,1.138881391449139,206.22628148557,234.86727441166,0.46973454882333554
2026-04-16,002560,buy,33.36527867388,59.268064060355,1977.49547383537,3.95499094767075
2026-04-16,002602,buy,0.8637933005966101,160.59730156835,138.72287318863,0.2774457463772684
2026-04-16,002648,sell,5.203487430722425,360.13100172351,1873.93714088176,3.7478742817635196
2026-04-16,002730,buy,30.04268668626,65.822857139443,1977.49547383537,3.95499094767075
2026-04-16,002733,sell,28.19950359114,74.674666854926,2105.78853614269,4.211577072285389
2026-04-16,002738,sell,7.669673299767287,260.7601824818,1999.9454092231001,3.9998908184462136
2026-04-16,002756,sell,0.15680608941694174,245.71764570047,38.53002312302,0.07706004624605661
2026-04-16,002916,buy,3.095491664486568,638.83081854894,1977.49547383537,3.95499094767075
2026-04-16,002969,sell,76.2942437684,25.103052151217,1915.21838015584,3.830436760311686
2026-04-16,003816,buy,19.27052306137,5.2047718897181,100.29867672999,0.20059735345998847
2026-04-16,300033,sell,0.6547754402508148,3136.187706027,2053.49868592302,4.1069973718460435
2026-04-16,300035,buy,9.659713856991216,204.71574035334,1977.49547383537,3.95499094767075
2026-04-16,300166,sell,6.398977458350562,315.28970553654,2017.5317185783001,4.035063437156612
2026-04-16,300170,buy,14.34603648333,137.84263522068,1977.49547383537,3.95499094767075
2026-04-16,300342,buy,8.114066103496683,243.71202410875,1977.49547383537,3.95499094767075
2026-04-16,300390,sell,3.1774572125742506,726.58414684135,2308.69003792315,4.617380075846312
2026-04-16,300548,sell,3.396446725316204,664.06264700732,2255.45340283282,4.510906805665646
2026-04-16,300568,sell,0.5171828436741344,116.61840769877,60.31303971839,0.12062607943679889
2026-04-16,300766,sell,51.108797684529996,36.553880315256,1868.2248736171,3.7364497472342126
2026-04-16,300857,buy,4.948200944541389,399.63928223587,1977.49547383537,3.95499094767075
2026-04-16,300870,buy,5.57560397459101,354.66928477115,1977.49547383537,3.95499094767075
2026-04-16,300903,sell,32.524618035210004,71.016488227735,2309.78415380954,4.6195683076190965
2026-04-16,301128,sell,8.07537921333035,272.84623409091,2203.3368072132,4.406673614426404
2026-04-16,301205,sell,0.3293372274367796,470.05849050885,154.8077599973,0.3096155199946049
2026-04-16,301232,buy,6.484041871180482,304.97882541825,1977.49547383537,3.9549909476707503
2026-04-16,301396,sell,5.96179000607404,423.58336456765,2525.3150696186303,5.050630139237265
2026-04-16,301486,sell,11.56525017484,168.6019347734,1949.9235556174801,3.899847111234975
2026-04-16,301511,sell,33.39237322457,65.957277159763,2202.47001579571,4.404940031591422
2026-04-16,600010,buy,2.761122703796764,20.584148997681,56.83536113583,0.11367072227166483
2026-04-16,600016,sell,18.00251891222,105.64851429207,1901.93937659133,3.80387875318267
2026-04-16,600141,buy,1.6850482399307931,90.669596014939,152.78264318019998,0.3055652863604181
2026-04-16,600157,buy,28.17859262595,70.177226381915,1977.49547383537,3.95499094767075
2026-04-16,600227,sell,113.99180131746,15.303146019934,1744.4331806364899,3.4888663612729847
2026-04-16,600276,sell,0.6419492599794401,3026.0218341849,1942.55247713662,3.885104954273249
2026-04-16,600309,buy,0.6129936100107819,3225.9642540166,1977.49547383537,3.95499094767075
2026-04-16,600410,buy,7.354793152770502,268.87166406447,1977.49547383537,3.95499094767075
2026-04-16,600722,sell,29.01426089865,60.624273671053,1758.9684930834098,3.5179369861668217
2026-04-16,600726,buy,11.66715790892,12.842409283742,149.83441704452,0.299668834089049
2026-04-16,600732,buy,23.34228107689,84.717319070948,1977.49547383537,3.95499094767075
2026-04-16,600795,sell,1.6413790255194551,1180.9058885357,1938.31415655491,3.876628313109827
2026-04-16,600821,sell,1.5879578417977847,32.654438586314,51.85387182264,0.10370774364528296
2026-04-16,600900,buy,0.8438874686462281,85.546382388435,72.19152008561001,0.14438304017123738
2026-04-16,600905,buy,16.28996823236,4.3446929858754,70.7749107193,0.1415498214386116
2026-04-16,601211,buy,86.0767465431,22.973631709525,1977.49547383537,3.95499094767075
2026-04-16,601390,buy,9.398428620112524,7.5430835174032,70.89313201386,0.14178626402772257
2026-04-16,601601,sell,29.87071510169,61.337843796058,1832.20525698405,3.664410513968112
2026-04-16,601668,sell,159.87236084037,11.903565827227,1903.0511712175999,3.8061023424352154
2026-04-16,601778,buy,309.41728929859,6.391030954728,1977.49547383537,3.95499094767075
2026-04-16,601869,buy,5.186530758700079,381.27518486577,1977.49547383537,3.95499094767075
2026-04-16,601975,sell,367.444780303,4.49,1649.8270635604902,3.2996541271209825
2026-04-16,601985,buy,182.91226421753998,10.811169400229,1977.49547383537,3.95499094767075
2026-04-16,603077,sell,46.70504345079,42.573496801007,1988.3970179431901,3.9767940358864
2026-04-16,603296,buy,0.34238736123170826,141.65714415371,48.501615786399995,0.09700323157281697
2026-04-16,603501,sell,14.74252754661,127.63610924252,1881.6788564511198,3.7633577129022586
2026-04-16,603618,buy,5.285501727201798,71.724492516168,379.09992907687,0.7581998581537569
2026-04-16,603619,buy,51.3384374776,38.518809122271,1977.49547383537,3.95499094767075
2026-04-16,603687,buy,100.95965874054,19.586986510299,1977.49547383537,3.95499094767075
2026-04-16,603778,buy,3.544801849191077,152.18603067737,539.4693229661899,1.0789386459323824
2026-04-16,688268,sell,18.76836440708,100.89085188262,1893.55627347393,3.7871125469478644
2026-04-16,688308,buy,14.036150828010001,140.8858808989,1977.49547383537,3.95499094767075
2026-04-16,688331,buy,13.36145590429,148.0,1977.49547383537,3.95499094767075
2026-04-16,688388,buy,27.645155874720004,71.531355540054,1977.49547383537,3.95499094767075
2026-04-16,688411,sell,0.17685491995404215,236.34507961368,41.7987901366,0.0835975802732182
2026-04-16,688498,sell,1.2040099148546397,1785.8695642265,2150.20466196584,4.300409323931681
2026-04-16,688516,buy,7.87922782139282,250.97579593603,1977.49547383537,3.95499094767075
2026-04-16,688668,buy,7.424973947891845,266.33029121898,1977.49547383537,3.95499094767075
2026-04-16,688802,sell,0.1836126847557936,670.0,123.02049878638,0.24604099757276343
2026-04-23,000425,buy,0.5895950888244303,333.37193957727,196.55445832663,0.3931089166532662
2026-04-23,000630,sell,13.01171035188,160.48891067322,2088.2352203702303,4.176470440740474
2026-04-23,000973,buy,0.39112684578186274,53.993172422485,21.11817922336,0.04223635844672563
2026-04-23,001309,sell,0.06964174067110654,1382.0688049549,96.24967730428999,0.19249935460859055
2026-04-23,001896,sell,107.16264417254,19.983609873516,2141.49647415854,4.282992948317093
2026-04-23,002028,sell,0.017591639651699836,3564.5858138683,62.706909145130005,0.12541381829026463
2026-04-23,002155,sell,18.78921044245,112.49599329821,2113.7108920125497,4.2274217840251085
2026-04-23,002218,buy,65.74572178963,31.62760279394,2079.37957416339,4.158759148326796
2026-04-23,002273,buy,3.921848050275126,530.20401288049,2079.37957416339,4.158759148326796
2026-04-23,002340,buy,9.768398674720089,212.86800870901,2079.37957416339,4.158759148326796
2026-04-23,002432,buy,6.990540411396015,297.45619820373,2079.37957416339,4.158759148326796
2026-04-23,002517,buy,1.641749488746715,111.84062202268,183.61428402684,0.36722856805369897
2026-04-23,002536,sell,9.627392265891984,224.72861156034,2163.55049686066,4.327100993721322
2026-04-23,002560,sell,33.36527867388,58.622910968261,1955.9697611303402,3.9119395222606808
2026-04-23,002602,sell,12.35926933089,162.039792301,2002.69343537022,4.005386870740453
2026-04-23,002730,sell,30.04268668626,67.024004167535,2013.58115766448,4.027162315328973
2026-04-23,002756,buy,0.8783362160102133,232.95309267707,204.61113792985,0.4092222758597084
2026-04-23,002916,sell,3.095491664486568,710.86025515266,2200.46199443985,4.400923988879708
2026-04-23,002980,buy,15.93210656307,130.51504306296,2079.37957416339,4.158759148326796
2026-04-23,003816,buy,4.951326931987542,5.403605872022,26.755019283979998,0.05351003856797711
2026-04-23,300035,buy,0.1877508960007214,211.98900322551,39.80112529788,0.07960225059577865
2026-04-23,300037,buy,4.967415250566835,418.60393570401,2079.37957416339,4.158759148326796
2026-04-23,300054,buy,2.8913407220162455,719.17486525537,2079.37957416339,4.158759148326796
2026-04-23,300131,buy,6.2253064272950285,334.02043713805,2079.37957416339,4.158759148326796
2026-04-23,300170,buy,0.1199067476561843,144.31443367974,17.30427438238,0.03460854876476346
2026-04-23,300342,sell,1.2295209808629888,303.24643438966,372.84785345397,0.7456957069079575
2026-04-23,300432,buy,6.8952852046116115,301.56541933504,2079.37957416339,4.158759148326796
2026-04-23,300548,buy,2.6530800307315574,783.76059149261,2079.37957416339,4.158759148326796
2026-04-23,300568,buy,0.9752205485133525,115.9578880831,113.08451522085001,0.22616903044170142
2026-04-23,300846,buy,72.46334293523,28.695606494747,2079.37957416339,4.158759148326796
2026-04-23,300857,sell,4.948200944541389,514.45656709208,2545.6344712105497,5.091268942421102
2026-04-23,300870,sell,5.57560397459101,391.28657015513,2181.65895576102,4.363317911522054
2026-04-23,300953,buy,6.648515483046781,312.75847660514,2079.37957416339,4.158759148326796
2026-04-23,301205,sell,4.223775014144669,531.88926118348,2246.58057167865,4.493161143357303
2026-04-23,301232,sell,6.484041871180482,331.57075109977,2149.91863338967,4.299837266779341
2026-04-23,301486,buy,9.655534374381139,215.3562395967,2079.37957416339,4.158759148326796
2026-04-23,301511,buy,22.59631159327,92.022964260355,2079.37957416339,4.158759148326796
2026-04-23,600010,sell,96.44282649639,21.095103050815,2034.47136345324,4.068942726906498
2026-04-23,600141,sell,21.89056794504,91.526316607206,2003.5630524494902,4.00712610489898
2026-04-23,600157,buy,1.5643008351301708,70.177226381915,109.77829383634001,0.21955658767269742
2026-04-23,600276,buy,0.7110813770383038,2924.2497994029,2079.37957416339,4.158759148326796
2026-04-23,600309,sell,0.6129936100107819,3178.8434278343,1948.61070848719,3.8972214169743924
2026-04-23,600410,sell,7.354793152770502,282.06721067722,2074.54598970989,4.149091979419784
2026-04-23,600726,sell,154.55205676748,13.224136948227,2043.8175643233699,4.0876351286467525
2026-04-23,600732,sell,23.34228107689,86.792920698734,2025.9447504348198,4.051889500869648
2026-04-23,600821,sell,60.800962850720005,34.257339110528,2082.8792026239803,4.165758405247974
2026-04-23,600869,buy,13.33728305273,155.90728381047,2079.37957416339,4.158759148326796
2026-04-23,600900,sell,23.20532917001,86.512644237702,2007.55438690462,4.01510877380926
2026-04-23,600905,sell,456.91091335445003,4.3341219567127,1980.3076218311799,3.9606152436623665
2026-04-23,601117,buy,184.89169927375,11.246473380531,2079.37957416339,4.158759148326796
2026-04-23,601208,buy,18.2631226188,113.85673838834,2079.37957416339,4.158759148326796
2026-04-23,601211,buy,6.557412368069377,22.530798855311,147.74373907628998,0.29548747815259946
2026-04-23,601390,sell,263.17316545788,7.5003061061513,1973.8792998589001,3.9477585997178193
2026-04-23,601778,sell,12.23473371087,7.025021225437,85.94926400644,0.17189852801289265
2026-04-23,601869,sell,0.5258715099522394,447.94387433372,235.56092156972,0.471121843139459
2026-04-23,601985,buy,5.6613179419165585,11.06975090069,62.66937938662,0.12533875877324654
2026-04-23,603259,buy,8.176572072656015,254.30945336093,2079.37957416339,4.158759148326796
2026-04-23,603296,sell,0.3049595032789787,152.28394646105,46.44043667012,0.09288087334024876
2026-04-23,603618,sell,5.703409178085963,95.083548645687,542.3003840307899,1.0846007680615888
2026-04-23,603619,sell,51.3384374776,35.951629402928,1845.70047832011,3.6914009566402357
2026-04-23,603629,buy,9.429893111314374,220.5093472023,2079.37957416339,4.158759148326797
2026-04-23,603687,buy,6.5630941925947,19.411734525733,127.40104213402,0.25480208426805656
2026-04-23,603778,sell,0.6803365776720606,169.02551272911,114.99423886938,0.22998847773877606
2026-04-23,605589,buy,50.8005576667,40.932219441485,2079.37957416339,4.158759148326796
2026-04-23,688167,buy,5.219370542826151,398.39661834729,2079.37957416339,4.158759148326796
2026-04-23,688308,buy,0.41021714960704453,144.49833938349,59.27569690484,0.11855139380969322
2026-04-23,688331,sell,13.36145590429,141.0,1883.9652825053201,3.7679305650106465
2026-04-23,688388,buy,0.7578903651241395,73.495303678738,55.70138253998,0.11140276507997651
2026-04-23,688411,buy,0.6437824538446035,230.76611850692,148.56317803657,0.29712635607315907
2026-04-23,688516,buy,0.13180500851515237,260.58763492933,34.3467554408,0.06869351088160752
2026-04-23,688627,buy,7.0527852884626165,294.83097657389,2079.37957416339,4.158759148326796
2026-04-23,688629,buy,15.38859687528,135.12470246734,2079.37957416339,4.158759148326796
2026-04-23,688668,sell,1.1600822046925205,333.24019734254,386.5860228253,0.7731720456506088
2026-04-23,688802,sell,0.01031280866682483,706.98,7.290949471271818,0.014581898942543638
2026-04-30,000100,buy,157.45978555451,13.259316967887,2087.80920636283,4.175618412725678
2026-04-30,000425,sell,0.15538948056555105,343.37309776459,53.35656730182001,0.10671313460364759
2026-04-30,000651,buy,0.28435404495922456,7342.2876986407,2087.80920636283,4.175618412725678
2026-04-30,000725,buy,132.45126413413,15.762848471182,2087.80920636283,4.175618412725678
2026-04-30,000973,sell,6.446863436103624,65.062655972569,419.45005784534,0.8389001156906883
2026-04-30,001203,buy,37.04587394696,56.357401889126,2087.80920636283,4.175618412725678
2026-04-30,001309,sell,1.5105715094275056,1327.4783692267,2005.2510039351298,4.01050200787028
2026-04-30,002028,buy,0.09190182268905987,3091.9248755536,284.15353168102,0.568307063362041
2026-04-30,002049,buy,5.943897523449976,351.2525574551,2087.80920636283,4.175618412725678
2026-04-30,002218,sell,65.74572178963,31.857204266128,2094.47488867636,4.188949777352721
2026-04-30,002273,buy,0.01341907436877401,532.65724139584,7.147767135356786,0.014295534270713577
2026-04-30,002340,sell,0.4921037742069072,225.97138206741,111.20136997812,0.222402739956247
2026-04-30,002432,sell,6.990540411396015,252.19185399879,1762.95734680342,3.5259146936068504
2026-04-30,002517,sell,18.660284555780002,117.13561682976,2185.78394166081,4.371567883321635
2026-04-30,002602,buy,12.800979077640001,163.09761883828,2087.80920636283,4.175618412725678
2026-04-30,002756,sell,8.958428721121019,273.64010543916,2451.38537981675,4.902770759633509
2026-04-30,002947,buy,14.5645394688,143.34879663275,2087.80920636283,4.175618412725678
2026-04-30,002980,sell,0.08132047209220974,132.24436738354,10.754174387159999,0.021508348774330194
2026-04-30,003816,sell,386.33582384238,5.2749485893548,2037.9016089945999,4.075803217989217
2026-04-30,300035,sell,9.847464752991941,196.02330423782,1930.33257924694,3.8606651584938967
2026-04-30,300037,sell,4.967415250566835,468.58290298274,2327.64585843134,4.655291716862685
2026-04-30,300054,sell,0.18525368200918135,774.6155789314,143.50038813871,0.287000776277431
2026-04-30,300124,buy,1.2373996982966735,1687.2553058133,2087.80920636283,4.175618412725678
2026-04-30,300131,sell,6.2253064272950285,310.65198900957,1933.90382383326,3.8678076476665217
2026-04-30,300170,sell,14.465943230990002,133.10554562694,1925.49726676986,3.850994533539733
2026-04-30,300342,buy,0.12014332318371404,299.23287864039,35.95083244568,0.07190166489137093
2026-04-30,300346,buy,3.0474109870863524,685.10916814637,2087.80920636283,4.175618412725678
2026-04-30,300432,sell,6.8952852046116115,323.00752329537,2227.2289963568,4.4544579927136105
2026-04-30,300438,buy,5.465352304358845,382.00816527376,2087.80920636283,4.175618412725678
2026-04-30,300489,buy,7.347447865200263,284.15434102654,2087.80920636283,4.175618412725678
2026-04-30,300548,buy,0.281240543004624,714.09111278727,200.83137231506,0.401662744630136
2026-04-30,300568,sell,18.00015980618,122.1961288977,2199.54984785566,4.399099695711338
2026-04-30,300806,buy,7.760135955449637,269.0428644999,2087.80920636283,4.175618412725678
2026-04-30,300846,sell,72.46334293523,26.962852594715,1953.81843408301,3.907636868166027
2026-04-30,300870,sell,6.776263578034403e-16,396.64595287208,2.6877775238218263e-13,5.375555047643652e-16
2026-04-30,300953,sell,6.648515483046781,293.26184429728,1949.7559123973201,3.899511824794641
2026-04-30,301306,buy,13.940015389220001,149.77093984962,2087.80920636283,4.175618412725678
2026-04-30,301396,buy,3.784704952655946,551.64384872266,2087.80920636283,4.175618412725678
2026-04-30,301486,sell,0.4219604184379556,227.01688307642,95.79213897540001,0.1915842779508133
2026-04-30,301511,sell,22.59631159327,98.255147928994,2220.20393824645,4.440407876492916
2026-04-30,600010,sell,1.0842021724855044e-14,20.000201508385,2.168426192553888e-13,4.336852385107776e-16
2026-04-30,600157,sell,1.541831509437423,74.329724984395,114.60391206875,0.22920782413751659
2026-04-30,600276,sell,0.7110813770383038,2872.5809202059,2042.6387963939599,4.085277592787938
2026-04-30,600487,buy,4.065020398627735,513.60362350645,2087.80920636283,4.175618412725678
2026-04-30,600869,sell,0.33258165029724757,161.18610602938,53.60754114823,0.10721508229647667
2026-04-30,601117,sell,184.89169927375,11.338549770781,2096.40373441971,4.192807468839426
2026-04-30,601208,sell,18.2631226188,121.15723866699,2212.70950593099,4.425419011861997
2026-04-30,601211,sell,92.63415891116999,21.604875614682,2001.3494809465599,4.002698961893126
2026-04-30,601778,sell,297.18255558772,6.953441678744,2066.4415682193503,4.132883136438711
2026-04-30,601869,buy,0.6950408569344206,391.18833967228,271.89187882857,0.5437837576571494
2026-04-30,601985,buy,2.9056414736097826,10.946616852851,31.806943923349998,0.06361388784671931
2026-04-30,603118,buy,55.863157596600004,37.373634004707,2087.80920636283,4.175618412725678
2026-04-30,603259,buy,1.234298800928364e-15,279.96437019318,3.455596864321067e-13,6.911193728642134e-16
2026-04-30,603259,sell,0.6892722505842491,279.96437019318,192.97167152645,0.3859433430529101
2026-04-30,603296,buy,0.4099573848168325,148.44449285339,60.855916080629996,0.1217118321612735
2026-04-30,603538,buy,19.009210665730002,109.83145187225,2087.80920636283,4.175618412725678
2026-04-30,603618,sell,0.0928093348912909,95.87426422694,8.898026696094185,0.01779605339218837
2026-04-30,603629,sell,2.216181014472964,290.58231753547,643.98301526366,1.287966030527326
2026-04-30,603687,sell,107.52275293313,16.081946818982,1729.17519450123,3.4583503890024714
2026-04-30,603778,buy,0.14274440225933557,167.76412830576,23.947390215560002,0.047894780431128395
2026-04-30,603985,buy,16.9972663828,122.83205777579,2087.80920636283,4.175618412725678
2026-04-30,605589,sell,50.8005576667,43.50455059256,2210.05543114144,4.4201108622828915
2026-04-30,688002,buy,14.345943697020001,145.53306847258,2087.80920636283,4.175618412725678
2026-04-30,688027,buy,3.7460836922609073,557.33116979636,2087.80920636283,4.175618412725678
2026-04-30,688141,buy,26.25184466695,79.53,2087.80920636283,4.175618412725678
2026-04-30,688167,sell,5.219370542826151,357.04405796188,1863.54523861734,3.727090477234699
2026-04-30,688308,buy,0.6956733178946429,138.40876650947,96.28728582334,0.1925745716466959
2026-04-30,688331,buy,15.85758169803,131.66,2087.80920636283,4.175618412725678
2026-04-30,688372,buy,8.216270196983821,254.10668786541,2087.80920636283,4.175618412725678
2026-04-30,688388,sell,28.403046239850003,74.106309766329,2104.84494295784,4.209689885915685
2026-04-30,688411,buy,1.3468366093193732e-15,256.5713495171,3.455596864321067e-13,6.911193728642134e-16
2026-04-30,688411,sell,0.8743432351066113,256.5713495171,224.33142377245,0.4486628475449006
2026-04-30,688516,buy,0.2847688679605271,252.64451798348,71.94529338258,0.14389058676517724
2026-04-30,688627,buy,0.19701568571992661,289.10433509342,56.95808882303,0.11391617764606717
2026-04-30,688629,sell,15.38859687528,129.33421625544,1990.2721161365398,3.9805442322730866
2026-04-30,688668,buy,0.1654309577964082,325.94959160526,53.9221531326,0.10784430626521252
2026-04-30,688766,buy,1.8585320091693502,1123.364674949,2087.80920636283,4.175618412725678
2026-04-30,688795,buy,3.0258104440041143,690.0,2087.80920636283,4.175618412725678
2026-04-30,688802,sell,0.01310386562584081,713.01,9.343187229880757,0.018686374459761516
2026-05-12,000100,buy,15.20236515401,13.078918097576,198.83048873879,0.39766097747758383
2026-05-12,000425,sell,6.10466339028962,365.04227383711,2228.46020500148,4.456920410002967
2026-05-12,000651,sell,0.28435404495922456,7335.0342654981,2085.7466633088898,4.1714933266177985
2026-05-12,000725,buy,8.774972436716991,15.991848691102,140.32803147656,0.2806560629531375
2026-05-12,000973,sell,32.217823693170004,59.498474081703,1916.91134797716,3.8338226959543227
2026-05-12,001203,buy,7.104727617268895,51.13350425248,363.28961983033,0.7265792396606623
2026-05-12,002028,buy,0.055609777356094826,3080.1476096488,171.28632279647002,0.34257264559295486
2026-05-12,002049,buy,0.041783198849625676,377.39531169821,15.768783353600002,0.03153756670720554
2026-05-12,002273,sell,0.07632510392627002,585.40165447591,44.68084211648,0.0893616842329685
2026-05-12,002281,buy,3.334752494879738,674.71662706951,2250.01295545689,4.500025910913781
2026-05-12,002340,buy,0.7946527865552324,224.24074785026,178.19353513843,0.35638707027687677
2026-05-12,002602,buy,2.6227674775291696,146.36472633954,383.8806441008,0.767761288201605
2026-05-12,002655,buy,19.381484422699998,116.09084765564,2250.01295545689,4.500025910913781
2026-05-12,002716,buy,45.3186559251,49.648713306396,2250.01295545689,4.500025910913781
2026-05-12,002947,sell,14.5645394688,159.68457889131,2325.7323518213702,4.651464703642755
2026-05-12,002980,buy,0.09776241577963256,141.64145048408,13.847210373849999,0.02769442074770973
2026-05-12,300035,buy,12.37415996094,181.83157180431,2250.01295545689,4.500025910913782
2026-05-12,300037,buy,5.04728282034817,445.78697797277,2250.01295545689,4.500025910913781
2026-05-12,300054,sell,0.10315785380616137,867.88033090976,89.52867229723,0.1790573445944639
2026-05-12,300102,buy,12.17028243845,184.87762850492,2250.01295545689,4.500025910913781
2026-05-12,300124,sell,1.2373996982966733,1931.8537179609,2390.47520775812,4.780950415516249
2026-05-12,300236,buy,9.133503742052207,246.34718712573,2250.01295545689,4.500025910913781
2026-05-12,300342,buy,0.7735516512197382,290.31386586422,224.57277031125,0.44914554062250595
2026-05-12,300346,sell,3.047410987086352,753.08274443697,2294.95262958236,4.589905259164731
2026-05-12,300373,buy,5.229797344249299,430.22947302748,2250.01295545689,4.500025910913781
2026-05-12,300438,buy,0.1435135941398098,402.71945134282,57.795715892219995,0.11559143178444069
2026-05-12,300489,buy,8.827004662849577e-16,391.48012222818,3.455596864321067e-13,6.911193728642134e-16
2026-05-12,300489,sell,1.5769606419996889,391.48012222818,617.3487448790601,1.2346974897581349
2026-05-12,300503,buy,12.22176349749,184.09887868615,2250.01295545689,4.500025910913781
2026-05-12,300548,sell,0.03823385713770293,780.02879903679,29.823509665659998,0.059647019331333234
2026-05-12,300666,buy,12.06113999577,186.55060435783,2250.01295545689,4.500025910913781
2026-05-12,300806,sell,0.8563084628642982,327.21429466204,280.19636968927,0.560392739378554
2026-05-12,300857,buy,4.013032957820296,560.67642082835,2250.01295545689,4.500025910913781
2026-05-12,301005,buy,4.705305395223993,478.1863803656,2250.01295545689,4.500025910913781
2026-05-12,301306,sell,13.940015389220001,170.72943609023,2379.97096649201,4.759941932984038
2026-05-12,301396,buy,0.34725643325895883,546.5371422993,189.78853867839,0.37957707735679785
2026-05-12,301486,sell,0.3338750514758578,253.83230013779,84.74827227474,0.16949654454948004
2026-05-12,301511,buy,17.423681254730003,129.13533727811,2250.01295545689,4.500025910913781
2026-05-12,301611,buy,20.02256619956,112.37385523072,2250.01295545689,4.500025910913781
2026-05-12,600157,buy,1.6832515320206076,75.575474565139,127.21253334495,0.2544250666899094
2026-05-12,600487,sell,4.065020398627735,572.77804393999,2328.35443250215,4.656708865004305
2026-05-12,600498,buy,15.018286968510001,149.81821563098,2250.01295545689,4.500025910913781
2026-05-12,600580,buy,8.214893246301749,273.89436332235,2250.01295545689,4.500025910913781
2026-05-12,600869,sell,1.4386947186871428,195.31642209998,281.0007049481,0.5620014098962199
2026-05-12,600986,buy,45.09466375108,49.895326149377,2250.01295545689,4.500025910913781
2026-05-12,600988,buy,11.85377213423,189.8140887117,2250.01295545689,4.500025910913781
2026-05-12,601211,sell,1.0842021724855044e-14,21.739067388686,2.3569544090622145e-13,4.713908818124428e-16
2026-05-12,601778,buy,298.15201806066,7.5465293513428,2250.01295545689,4.500025910913781
2026-05-12,601869,sell,5.35570010568226,442.33368232784,2369.00654919003,4.738013098380072
2026-05-12,601985,sell,191.47922363307,11.316018996367,2166.78253204149,4.333565064082986
2026-05-12,603118,sell,55.863157596600004,40.215054124243,2246.5399062986403,4.493079812597293
2026-05-12,603259,buy,0.7282021477801454,274.87410891694,200.16391648246,0.4003278329649386
2026-05-12,603296,sell,0.3751588830426748,164.36312635031,61.66228689498,0.12332457378996868
2026-05-12,603538,sell,19.009210665730002,97.678328843997,1856.78793047221,3.71357586094443
2026-05-12,603618,sell,3.57936608098173,123.5493095708,442.22820800643,0.884456416012866
2026-05-12,603629,sell,0.41837195140179195,332.43825843961,139.08284290398998,0.2781656858079858
2026-05-12,603778,buy,2.3586876706485103,151.99682301386,358.51303242053,0.7170260648410708
2026-05-12,603985,sell,16.9972663828,129.04318824445,2193.3814454769904,4.386762890953983
2026-05-12,688002,buy,1.0063798467997715,147.10722238837,148.04574393034,0.2960914878606955
2026-05-12,688027,sell,3.7460836922609073,624.68721413522,2340.1305856358404,4.680261171271689
2026-05-12,688141,sell,26.25184466695,102.44,2689.23896768275,5.378477935365503
2026-05-12,688308,buy,0.41843523127794685,145.16185216637,60.74083318397,0.12148166636794032
2026-05-12,688331,sell,15.85758169803,124.0,1966.34013055591,3.932680261111834
2026-05-12,688372,buy,1.226451098755633e-15,281.75578038351,3.455596864321067e-13,6.911193728642134e-16
2026-05-12,688372,sell,0.19857827818859144,281.75578038351,55.95057773823999,0.11190115547648066
2026-05-12,688388,buy,32.30913600189,69.640146221322,2250.01295545689,4.500025910913781
2026-05-12,688411,sell,8.169958115273213,272.45617332289,2225.9555242956303,4.451911048591261
2026-05-12,688516,sell,8.295801697868498,307.04485673025,2547.18324378459,5.094366487569195
2026-05-12,688627,sell,7.249800974182542,341.979650247,2479.2844015113,4.958568803022611
2026-05-12,688629,buy,16.25136267255,138.4507256894,2250.01295545689,4.500025910913781
2026-05-12,688668,sell,6.430322700995734,344.75637864999,2216.89476794611,4.433789535892223
2026-05-12,688766,buy,2.1551729143666038e-16,1603.3965726303,3.455596864321067e-13,6.911193728642134e-16
2026-05-12,688766,sell,0.44962850892744005,1603.3965726303,720.9328101711201,1.441865620342259
2026-05-12,688795,sell,3.0258104440041143,712.8,2156.79768448613,4.3135953689722655
2026-05-12,688802,sell,0.0399872291968068,779.0,31.150051544310003,0.062300103088625
2026-05-19,000034,buy,26.011828221699997,84.209047374893,2190.43127502876,4.380862550057539
2026-05-19,000100,buy,1.4864947013809118,12.627920921797,18.7713375397,0.037542675079416804
2026-05-19,000725,sell,141.22623657084,16.030015394422,2263.858746327,4.527717492654013
2026-05-19,001203,buy,5.320113052252785,44.435643797196,236.40264855071,0.47280529710143593
2026-05-19,002028,sell,0.010801509262788693,3044.344721298,32.88351770622,0.06576703541244441
2026-05-19,002049,sell,5.985680722299601,360.74209814121,2159.28702256575,4.318574045131505
2026-05-19,002273,sell,0.016646180967337432,572.3688779881,9.527755923061793,0.019055511846123585
2026-05-19,002281,sell,0.22309800764154422,706.76566685531,157.67801214486,0.3153560242897341
2026-05-19,002340,buy,0.5797571734669189,206.43993875961,119.68503538595,0.2393700707719106
2026-05-19,002409,buy,5.955980496366499,367.77005505056,2190.43127502876,4.380862550057539
2026-05-19,002484,buy,8.419214580049124,260.17050096566,2190.43127502876,4.380862550057539
2026-05-19,002558,buy,17.35536547971,126.21061063733,2190.43127502876,4.380862550057539
2026-05-19,002565,buy,14.534485710659999,150.70579851483,2190.43127502876,4.380862550057539
2026-05-19,002600,buy,28.49115808964,76.881089499307,2190.43127502876,4.380862550057539
2026-05-19,002602,sell,15.42374655517,143.28741277655,2210.02873921239,4.420057478424788
2026-05-19,002655,sell,19.381484422699998,107.34952887575,2080.5932216905103,4.161186443381034
2026-05-19,002716,buy,8.256012095760703,41.024109765085,338.69554643835,0.677391092876713
2026-05-19,002980,buy,2.022273624759911e-15,170.87682013018,3.4555968643210646e-13,6.911193728642128e-16
2026-05-19,002980,sell,3.078397031443607,170.87682013018,526.02669583126,1.0520533916625383
2026-05-19,300035,sell,12.37415996094,165.7771744889,2051.35327499941,4.102706549998828
2026-05-19,300037,sell,5.04728282034817,415.85899455324,2098.95795889583,4.197915917791663
2026-05-19,300054,sell,2.602929186200903,927.46614467371,2414.12869718442,4.828257394368858
2026-05-19,300102,sell,12.17028243845,159.07566497615,1935.995771845,3.8719915436900174
2026-05-19,300113,buy,6.826116515249174,320.88981635978,2190.43127502876,4.380862550057539
2026-05-19,300179,buy,10.240513043230001,213.89858748105,2190.43127502876,4.380862550057539
2026-05-19,300223,buy,6.109832409512479,358.50922385669,2190.43127502876,4.380862550057539
2026-05-19,300236,sell,0.6432475269318462,259.02758444199,166.61885309944,0.33323770619888005
2026-05-19,300285,buy,4.4472862176779495,492.53211235243,2190.43127502876,4.380862550057539
2026-05-19,300342,buy,0.6033841818559822,262.30908523291,158.27315278665,0.316546305573301
2026-05-19,300373,sell,0.2872220679863384,444.95236506727,127.80013845003,0.25560027690006704
2026-05-19,300438,buy,0.01391581507475611,391.12113114415,5.442769332831423,0.01088553866566285
2026-05-19,300458,buy,9.359997576450736,234.02049596036,2190.43127502876,4.380862550057539
2026-05-19,300489,buy,0.05444068848084218,377.53740710574,20.5533963701,0.04110679274021697
2026-05-19,300503,buy,0.008640667580611376,179.81452629755,1.5537175479022323,0.0031074350958044646
2026-05-19,300548,sell,2.8960867165984787,698.6588883459,2023.37672597202,4.046753451944041
2026-05-19,300666,sell,1.2201694386739634,202.86103971152,247.52484095362,0.4950496819072441
2026-05-19,300806,buy,0.12845504546764472,312.70779426536,40.16889393044,0.08033778786088741
2026-05-19,300857,sell,4.013032957820296,537.27848885528,2156.11628330412,4.3122325666082455
2026-05-19,300900,buy,36.922000603949996,59.325909733988,2190.43127502876,4.380862550057539
2026-05-19,300953,buy,6.48007387930603,338.02566387767,2190.43127502876,4.380862550057539
2026-05-19,301005,sell,4.705305395223993,418.29232868344,1968.19315093499,3.9363863018699963
2026-05-19,301396,buy,0.03504332065988238,527.74992803276,18.49410995628,0.03698821991256371
2026-05-19,301486,sell,0.9102487422723795,275.264319077,250.5590002323,0.5011180004646044
2026-05-19,301511,sell,1.276247677668584,136.19567147929,173.81940943395,0.3476388188679146
2026-05-19,301611,sell,20.02256619956,120.29019199652,2408.51833240813,4.817036664816267
2026-05-19,600157,buy,0.3776807913111675,72.668725543403,27.4455817668,0.054891163533613
2026-05-19,600487,buy,4.101262454103455,534.08707673345,2190.43127502876,4.380862550057539
2026-05-19,600498,sell,15.018286968510001,142.37970671636,2138.29929395927,4.276598587918542
2026-05-19,600580,sell,8.214893246301749,279.69035624699,2297.62641858912,4.595252837178256
2026-05-19,600869,sell,0.22169458549426338,193.86019528096,42.97775563664,0.08595551127329876
2026-05-19,600986,sell,45.09466375108,47.082373381251,2123.16379623056,4.246327592461128
2026-05-19,600988,buy,1.6184504529358137,163.16180574444,264.06929840891,0.5281385968178284
2026-05-19,601778,sell,298.15201806066,6.7284773891376,2006.10911204692,4.012218224093848
2026-05-19,603186,buy,20.94997222264,104.55533075412,2190.43127502876,4.380862550057539
2026-05-19,603259,sell,8.215501969851912,259.60332508822,2132.77162864237,4.265543257284755
2026-05-19,603296,sell,13.74414744728,161.64531087522,2221.67698683057,4.4433539736611465
2026-05-19,603618,sell,0.3887392912650459,122.89037991975,47.77231919329,0.09554463838659169
2026-05-19,603629,sell,0.45934782070049995,347.09804652214,159.43873123934,0.3188774624786915
2026-05-19,603778,sell,0.002055379441338557,148.08653130147,0.3043740119761801,0.0006087480239523602
2026-05-19,688002,buy,0.7698847722051992,136.38266409758,104.9989362815,0.20999787256300717
2026-05-19,688019,buy,2.4673956699253514,887.75031168594,2190.43127502876,4.380862550057539
2026-05-19,688227,buy,21.58985758394,101.45649486165,2190.43127502876,4.380862550057539
2026-05-19,688308,sell,2.3599874244849497,166.60068741776,393.17552721646,0.7863510544329231
2026-05-19,688372,buy,0.06685235094984836,272.01751879966,18.1850106313,0.0363700212626037
2026-05-19,688388,sell,32.30913600189,65.173982676316,2105.71507007456,4.211430140149128
2026-05-19,688519,buy,11.67372005132,187.63781086053,2190.43127502876,4.380862550057539
2026-05-19,688629,buy,0.2530960316391384,133.24129172714,33.72284218661,0.0674456843732238
2026-05-19,688668,buy,5.23908903187191,418.09392085214,2190.43127502876,4.380862550057539
2026-05-19,688766,sell,0.096500761294913,1675.7131735802,161.7075969624,0.32341519392480794
2026-05-19,688800,buy,8.256756410647824,265.2895599783,2190.43127502876,4.380862550057539
2026-05-19,688802,sell,2.899911480686408,725.1,2102.72581464571,4.205451629291429
2026-05-26,000034,buy,1.5296035607641534,83.071087275232,127.06583089274,0.2541316617854893
2026-05-26,000100,sell,174.14864540991002,13.169117532732,2293.38397956918,4.586767959138364
2026-05-26,000155,buy,132.07714065906,17.257116565709,2279.27061201894,4.558541224037885
2026-05-26,000776,buy,18.75723478869,121.51421239299,2279.27061201894,4.558541224037885
2026-05-26,001203,sell,49.47071461648,41.704477397953,2063.15029958372,4.126300599167452
2026-05-26,002028,sell,0.00408423569313215,3185.8289423683,13.01167627863,0.026023352557268124
2026-05-26,002126,buy,6.949377550237455,327.98198047839,2279.27061201894,4.558541224037885
2026-05-26,002273,sell,3.8422958397502924,613.92043596688,2358.86393705322,4.717727874106457
2026-05-26,002281,sell,0.002611572124123436,736.04836847013,1.922243401103127,0.0038444868022062544
2026-05-26,002340,buy,0.7035951647204517,201.49526956776,141.77109738191,0.28354219476383985
2026-05-26,002353,buy,1.8847596215160793,1209.3163425188,2279.27061201894,4.558541224037885
2026-05-26,002409,sell,5.955980496366499,408.69126946133,2434.15722994694,4.868314459893893
2026-05-26,002484,sell,0.9759644719378116,307.44714095789,300.05748657375,0.6001149731475142
2026-05-26,002558,buy,1.6846460536795647,120.14670894303,202.40467908346,0.4048093581669256
2026-05-26,002565,sell,14.534485710659999,138.01209360883,2005.93480245706,4.011869604914125
2026-05-26,002600,buy,3.7935787964628496,70.848609968147,268.76978453402,0.537539569068058
2026-05-26,002655,buy,20.992324469670002,108.57638063433,2279.27061201894,4.558541224037885
2026-05-26,002716,sell,53.574668020859995,38.352772385033,2054.73704820808,4.109474096416166
2026-05-26,002980,sell,2.367025008604322,217.87855001323,515.72397671976,1.0314479534395258
2026-05-26,300113,sell,6.826116515249174,305.21928148761,2083.4623781350597,4.166924756270122
2026-05-26,300124,buy,1.1520314459810472,1978.4795111022,2279.27061201894,4.558541224037885
2026-05-26,300179,sell,1.4560947023608812,260.50739802838,379.32344219493996,0.7586468843898833
2026-05-26,300223,sell,6.109832409512479,371.39832477946,2269.1815215761803,4.538363043152373
2026-05-26,300236,sell,0.4705181790307017,285.34672265793,134.26082033737998,0.2685216406747758
2026-05-26,300283,buy,20.31705310878,112.18509888296,2279.27061201894,4.558541224037885
2026-05-26,300285,sell,4.4472862176779495,655.27192696694,2914.18180963134,5.828363619262689
2026-05-26,300302,buy,6.5976072739082,345.46927657135,2279.27061201894,4.558541224037885
2026-05-26,300342,sell,8.381624278893128,247.81070892327,2077.05625448099,4.154112508961996
2026-05-26,300373,sell,0.5395012400779202,519.72915884832,280.39452570331997,0.560789051406646
2026-05-26,300438,buy,0.7098531693109695,361.2048290444,256.40239266759,0.5128047853351886
2026-05-26,300458,sell,0.003367626464910474,244.57587586616,0.8236401922455394,0.0016472803844910786
2026-05-26,300489,buy,0.6087966611572447,355.55429254985,216.46026616446997,0.4329205323289498
2026-05-26,300503,sell,12.23040416507,220.9904878766,2702.80298336895,5.405605966737902
2026-05-26,300571,buy,12.35921449658,184.4187276343,2279.27061201894,4.558541224037885
2026-05-26,300666,buy,0.053781064998071726,210.04248364372,11.29630846519,0.022592616930398646
2026-05-26,300760,buy,13.42764902968,169.74457754887,2279.27061201894,4.558541224037885
2026-05-26,300776,buy,3.3860099318715347,673.14351046783,2279.27061201894,4.558541224037885
2026-05-26,300806,sell,7.032282538052984,305.40000835124,2147.65914584966,4.2953182916993216
2026-05-26,300900,sell,36.922000603949996,53.906852460343,1990.34883909835,3.9806976781967123
2026-05-26,300919,buy,28.732905883709996,79.326143385688,2279.27061201894,4.558541224037885
2026-05-26,300953,sell,6.48007387930603,350.1550342646,2269.03049124554,4.538060982491085
2026-05-26,301396,buy,0.5430371700600555,485.63240950432,263.71644934667,0.5274328986933439
2026-05-26,301486,buy,3.376129220390199e-05,286.42725216429,0.009670154155479312,1.9340308310958623e-05
2026-05-26,301511,sell,16.14743357706,148.92330278161,2404.7291397438603,4.809458279487726
2026-05-26,600152,buy,79.90568519149,28.524511197877,2279.27061201894,4.558541224037885
2026-05-26,600157,buy,1.0458212720518418,73.083975403651,76.43277612325,0.15286555224650367
2026-05-26,600396,buy,29.792499873329998,76.504845907836,2279.27061201894,4.558541224037885
2026-05-26,600487,sell,4.101262454103455,546.30128402806,2240.52494481278,4.481049889625579
2026-05-26,600869,buy,0.6375944729304691,190.94774164294,121.74722469009,0.24349444938018744
2026-05-26,600988,sell,13.47222258717,156.88806300925,2113.63090613146,4.227261812262929
2026-05-26,603019,buy,5.822218004952155,391.47806043681,2279.27061201894,4.558541224037885
2026-05-26,603186,sell,3.8385130459327583,133.73529057575,513.34465757662,1.0266893151532495
2026-05-26,603618,sell,17.89570965711,125.03190128565,2237.53460328487,4.475069206569741
2026-05-26,603629,sell,0.6722175541210627,404.04254368392,271.60449047605,0.5432089809521146
2026-05-26,603659,buy,17.48721602757,130.33924945084,2279.27061201894,4.558541224037885
2026-05-26,603778,sell,14.850847942529999,122.22815062277,1815.19167919654,3.630383358393099
2026-05-26,603920,buy,19.86588836699,114.73288130453,2279.27061201894,4.558541224037885
2026-05-26,605117,buy,2.5196364619254354,904.60296414237,2279.27061201894,4.558541224037885
2026-05-26,688002,buy,0.3406417991925525,138.99271284828,47.34672777929,0.09469345555858383
2026-05-26,688019,sell,0.27140213904704136,1042.0822889483,282.82336228360003,0.5656467245672112
2026-05-26,688143,buy,11.621347423309999,196.12791262458,2279.27061201894,4.558541224037885
2026-05-26,688227,sell,21.58985758394,88.859174017649,1918.45691206758,3.8369138241351752
2026-05-26,688234,buy,14.5454410467,156.7,2279.27061201894,4.558541224037885
2026-05-26,688308,sell,0.8828990605195353,185.78357920734,164.02814754211,0.3280562950842343
2026-05-26,688372,sell,0.8165098312783484,314.85898760492,257.08545884576,0.5141709176915297
2026-05-26,688385,buy,31.59407437591,72.142344950487,2279.27061201894,4.558541224037885
2026-05-26,688519,sell,11.67372005132,206.19323218754,2407.04206903461,4.8140841380692345
2026-05-26,688629,buy,2.2458096180864587e-15,153.86864658926,3.455596864321063e-13,6.911193728642125e-16
2026-05-26,688629,sell,1.6319943269515294,153.86864658926,251.11275832938,0.5022255166587644
2026-05-26,688630,buy,7.17439552293381,317.69514305881,2279.27061201894,4.558541224037885
2026-05-26,688668,sell,5.23908903187191,409.00621185168,2142.81995847961,4.285639916959232
2026-05-26,688766,buy,0.020111037472119987,1717.2562007331,34.535803802169994,0.06907160760434754
2026-05-26,688800,buy,0.7421505357683241,254.21418464215,188.66519333207,0.3773303866641586
2026-06-02,000034,sell,27.54143178246,75.958836652353,2092.01511793616,4.184030235872335
2026-06-02,000155,sell,132.07714065906,17.63652834836,2329.3822354038402,4.658764470807687
2026-06-02,000776,sell,18.75723478869,121.96521954397,2287.73025904125,4.575460518082512
2026-06-02,001389,buy,11.8368567602,184.91954939678,2188.86621837125,4.377732436742505
2026-06-02,002028,sell,0.06491559051410627,3363.4301122135,218.33905188726,0.43667810377453214
2026-06-02,002126,buy,0.7723527906543549,284.4904526534,219.72699502137002,0.43945399004274827
2026-06-02,002281,buy,0.13135519052198003,678.09021020486,89.07066875254,0.1781413375050978
2026-06-02,002340,buy,0.11481807582620651,191.60593118407,21.99982433544,0.04399964867088692
2026-06-02,002353,sell,1.8847596215160793,1288.9018890896,2429.27023665187,4.858540473303749
2026-06-02,002484,sell,1.7386828552987779,385.24205813912,669.8137616265,1.3396275232530055
2026-06-02,002558,sell,0.7437573874555415,120.11416171514,89.33579511366,0.1786715902273299
2026-06-02,002600,sell,32.2847368861,65.652751685834,2119.58181402601,4.239163628052022
2026-06-02,002655,sell,20.992324469670002,116.51033924601,2445.8228455243097,4.891645691048626
2026-06-02,002980,buy,2.822753056819112,164.77524186698,465.11981766812,0.9302396353362529
2026-06-02,003031,buy,5.675708349558843,385.65516118202,2188.86621837125,4.377732436742505
2026-06-02,300124,sell,1.1520314459810472,1869.0210983267,2153.17107847439,4.306342156948786
2026-06-02,300179,sell,1.818970264304124,315.50579447423,573.89565836427,1.1477913167285456
2026-06-02,300236,buy,1.2680458368185197,236.48669603268,299.8759703672,0.5997519407344132
2026-06-02,300283,sell,20.31705310878,101.65986769563,2065.4289310037598,4.130857862007522
2026-06-02,300302,sell,6.5976072739082,335.79613682735,2215.45103488239,4.430902069764795
2026-06-02,300342,buy,10.013528352289999,218.59090436076,2188.86621837125,4.377732436742505
2026-06-02,300346,buy,3.2648769961785895,670.42838702139,2188.86621837125,4.377732436742505
2026-06-02,300373,sell,0.4078060470558631,550.06053041902,224.31801055163,0.4486360211032638
2026-06-02,300438,sell,6.33263488288438,361.02328896517,2286.2286732344796,4.572457346468966
2026-06-02,300458,buy,0.7335255153581299,217.73689159348,159.71556561858,0.3194311312371694
2026-06-02,300489,sell,6.433724572838662,411.44560846181,2647.1277215472996,5.294255443094604
2026-06-02,300571,sell,12.35921449658,141.121751812,1744.15400077783,3.4883080015556738
2026-06-02,300666,sell,10.8947516221,192.64704768373,2098.84173524561,4.197683470491223
2026-06-02,300760,sell,13.42764902968,167.568509179,2250.0511296837203,4.500102259367444
2026-06-02,300776,sell,3.3860099318715347,631.25242315183,2137.42697431006,4.274853948620138
2026-06-02,300903,buy,17.81176745108,122.88877139127,2188.86621837125,4.377732436742505
2026-06-02,300919,sell,28.732905883709996,77.114447938132,2215.72217488087,4.431444349761756
2026-06-02,300953,buy,7.601491658365085,287.95219632485,2188.86621837125,4.377732436742505
2026-06-02,301205,buy,3.8072688454786228,574.91769223775,2188.86621837125,4.377732436742505
2026-06-02,301217,buy,20.32447645873,107.69606896467,2188.86621837125,4.377732436742505
2026-06-02,301377,buy,6.214848522317321,352.19944790466,2188.86621837125,4.377732436742505
2026-06-02,301396,sell,4.710041876634842,418.9855047807,1973.43927322008,3.9468785464401708
2026-06-02,301486,buy,1.4572247868174149,232.49169739311,338.79266417049,0.6775853283409873
2026-06-02,301511,buy,12.46385567946,175.61710233681,2188.86621837125,4.377732436742505
2026-06-02,600028,buy,126.09661161121001,17.358644220513,2188.86621837125,4.377732436742505
2026-06-02,600050,buy,345.77372836299,6.3303427612446,2188.86621837125,4.377732436742505
2026-06-02,600152,sell,79.90568519149,29.774965369496,2379.18900940272,4.758378018805454
2026-06-02,600157,sell,2.7006271859964373,76.821224145883,207.46548638989,0.414930972779795
2026-06-02,600246,buy,14.43206340895,151.66689310783,2188.86621837125,4.377732436742505
2026-06-02,600396,sell,4.917777773672954,88.348292715042,434.47727025598,0.8689545405119716
2026-06-02,600869,sell,1.5696081225258525,211.06187458054,331.28443269714,0.6625688653942967
2026-06-02,601088,buy,16.73865713232,130.76713389057,2188.86621837125,4.377732436742505
2026-06-02,601778,buy,369.70025595225,5.92065107646,2188.86621837125,4.377732436742505
2026-06-02,603019,buy,0.40695270746055145,352.7056878009,143.53453458731002,0.2870690691746245
2026-06-02,603179,buy,11.68944831389,187.25145615044,2188.86621837125,4.377732436742505
2026-06-02,603186,sell,0.029258113232044147,128.65082322232,3.7640803532343337,0.007528160706468669
2026-06-02,603629,buy,8.679755343679252e-16,398.12145936089,3.455596864321067e-13,6.911193728642134e-16
2026-06-02,603629,sell,0.14375273313625628,398.12145936089,57.23104790332,0.11446209580664585
2026-06-02,603659,sell,17.48721602757,132.14712543398,2310.88532988717,4.621770659774357
2026-06-02,603688,buy,13.072051372739999,167.44626806885,2188.86621837125,4.377732436742505
2026-06-02,603773,buy,8.165758693277075,268.05423728396,2188.86621837125,4.377732436742505
2026-06-02,603920,buy,3.728553671306751,93.08328544098,347.06602566826,0.6941320513365206
2026-06-02,605117,buy,3.930886116193623e-16,879.08852156399,3.455596864321067e-13,6.911193728642134e-16
2026-06-02,605117,sell,0.019729825268756905,879.08852156399,17.344262926219997,0.034688525852454716
2026-06-02,688002,buy,1.2691003264777405,123.90114692014,157.24298600731,0.31448597201463224
2026-06-02,688017,buy,5.1599326693097485,424.20441479599,2188.86621837125,4.377732436742505
2026-06-02,688019,buy,0.4148797693517909,841.18998065346,348.99270515454003,0.6979854103090899
2026-06-02,688025,buy,5.608277748533316,390.29204980864,2188.86621837125,4.377732436742505
2026-06-02,688143,sell,0.5960239845018367,199.32650878349,118.80337998197001,0.2376067599639521
2026-06-02,688167,buy,5.070571392666244,431.68038646238,2188.86621837125,4.377732436742505
2026-06-02,688227,sell,2.710505431213761e-15,82.970305960456,2.2489146493528354e-13,4.49782929870567e-16
2026-06-02,688234,sell,14.5454410467,137.89,2005.67086593038,4.011341731860779
2026-06-02,688308,sell,12.317590041789998,200.33662624525,2467.66443244526,4.93532886489052
2026-06-02,688372,sell,7.268034438466732,256.96278578577,1867.6143764953201,3.735228752990652
2026-06-02,688385,sell,31.59407437591,60.397538932136,1908.2043371444101,3.816408674288824
2026-06-02,688388,buy,32.70173075898,66.934262119136,2188.86621837125,4.377732436742505
2026-06-02,688469,buy,285.00862218375,7.68,2188.86621837125,4.377732436742505
2026-06-02,688531,buy,6.075242529750003,360.29281261654,2188.86621837125,4.377732436742505
2026-06-02,688627,buy,6.146006166488136,356.14448783119,2188.86621837125,4.377732436742505
2026-06-02,688629,buy,1.6147437095785866,133.24129172714,215.15053767252,0.4303010753450494
2026-06-02,688630,sell,7.17439552293381,350.67171667205,2515.85759411146,5.031715188222939
2026-06-02,688766,sell,1.3325137764191173,1561.5926767637,2080.84375494283,4.161687509885672
2026-06-02,688800,buy,0.96860394255511,220.39440367428,213.47488831599,0.4269497766319801
2026-06-09,000338,buy,3.1378689531991677,715.55958404851,2245.33220294992,4.490664405899859
2026-06-09,001389,buy,0.4949567615724873,182.77676149395,90.46659395975,0.18093318791950477
2026-06-09,002028,sell,0.6533922679963885,2826.5438171643,1846.84187528815,3.693683750576303
2026-06-09,002126,buy,0.3926810092880667,277.76437102384,109.0727935579,0.21814558711581308
2026-06-09,002131,buy,8.93298664804983,251.35291156403,2245.33220294992,4.490664405899859
2026-06-09,002176,buy,16.053161617409998,139.86853533664,2245.33220294992,4.490664405899859
2026-06-09,002281,sell,0.09844487002761278,717.49366122571,70.633570225,0.1412671404500021
2026-06-09,002340,sell,11.46911810108,171.82725441668,1970.7070738895602,3.9414141477791302
2026-06-09,002484,sell,0.3673608546035968,422.38042942712,155.16603552217998,0.31033207104436206
2026-06-09,002491,buy,20.70356739975,108.45146440687,2245.33220294992,4.490664405899859
2026-06-09,002552,buy,11.28281113695,199.00467850568,2245.33220294992,4.490664405899859
2026-06-09,002558,sell,18.29625414593,114.87198767444,2101.72708074063,4.203454161481279
2026-06-09,002655,buy,20.43998833867,109.84997475276,2245.33220294992,4.490664405899859
2026-06-09,002716,buy,67.86264871684,33.086421550073,2245.33220294992,4.490664405899859
2026-06-09,002738,buy,12.69084473317,176.92535447066,2245.33220294992,4.490664405899859
2026-06-09,002865,buy,22.355678276109998,100.43677383515,2245.33220294992,4.490664405899859
2026-06-09,002980,sell,1.7140609954039416,194.14112655615,332.76973263367,0.6655394652673542
2026-06-09,003031,sell,5.675708349558843,384.25491733196,2180.91884266004,4.361837685320097
2026-06-09,300179,sell,6.965448076567817,335.51173007839,2336.98953494046,4.673979069880925
2026-06-09,300236,sell,9.28778387290818,231.82467856684,2153.13751093521,4.306275021870439
2026-06-09,300283,buy,19.84727921415,113.13047892973,2245.33220294992,4.490664405899858
2026-06-09,300342,sell,10.013528352289999,222.91811205933,2232.1968353471702,4.464393670694344
2026-06-09,300346,sell,0.42985253083715047,795.17180820701,341.80661420813,0.6836132284162729
2026-06-09,300373,buy,0.16182523525557033,542.20094143537,87.74179490357,0.17548358980714093
2026-06-09,300395,buy,2.650020558162205,847.28859783151,2245.33220294992,4.490664405899859
2026-06-09,300458,sell,10.09015546534,199.39370090352,2011.91344092681,4.023826881853622
2026-06-09,300748,buy,27.58028486975,81.410769089351,2245.33220294992,4.490664405899859
2026-06-09,300903,buy,0.4102117916727771,123.70380377338,50.74475898261,0.10148951796523172
2026-06-09,300953,sell,7.601491658365085,284.38416121243,2161.74382922743,4.3234876584548765
2026-06-09,301183,buy,11.21809498114,200.15271815078,2245.33220294992,4.490664405899859
2026-06-09,301205,sell,3.8072688454786228,582.09512380437,2216.19262996539,4.4323852599308
2026-06-09,301217,sell,20.32447645873,120.82473260989,2455.69943356323,4.911398867126478
2026-06-09,301377,sell,1.1188178199598964,442.37008410758,494.93153311671,0.9898630662334371
2026-06-09,301486,sell,9.446708710304566,223.25866174585,2109.05954456546,4.218119089130924
2026-06-09,301511,buy,0.07162742011111028,179.83191279289,12.880895966999999,0.025761791934001767
2026-06-09,600028,sell,126.09661161121001,17.323073228258,2184.38083677624,4.3687616735524974
2026-06-09,600050,sell,345.77372836299,6.2005635246815,2143.99196788072,4.287983935761452
2026-06-09,600157,buy,2.7624080879975517,71.838225822907,198.44649604058998,0.3968929920811858
2026-06-09,600246,sell,14.43206340895,158.41597611386,2286.26941226657,4.572538824533143
2026-06-09,600396,sell,0.7903526259863685,93.601434444044,73.97813950894,0.1479562790178822
2026-06-09,600584,buy,8.279968310942902,271.17642467091,2245.33220294992,4.490664405899859
2026-06-09,600641,buy,4.887429354116039,459.4096487674,2245.33220294992,4.490664405899859
2026-06-09,600707,buy,118.28973812901,18.981631360964,2245.33220294992,4.490664405899859
2026-06-09,600795,buy,1.8594503789000645,1207.52466881,2245.33220294992,4.490664405899859
2026-06-09,600869,sell,10.412298448660001,255.47679256041,2660.10061084575,5.320201221691502
2026-06-09,601088,buy,0.22112418766609593,132.91525929329,29.39077873965,0.058781557479314524
2026-06-09,601208,buy,12.31072882986,182.38824313177,2245.33220294992,4.490664405899859
2026-06-09,601778,sell,369.70025595225,5.2662095066958,1946.91900252363,3.8938380050472654
2026-06-09,603019,sell,6.229170712412706,326.34398173836,2032.85237321673,4.065704746433479
2026-06-09,603179,sell,0.20222541374042347,196.24686924002,39.68610432732,0.07937220865465167
2026-06-09,603186,sell,2.230650499386361,151.79098779532,338.59264272797,0.6771852854559592
2026-06-09,603629,buy,1.376907269024713,326.59884424518,449.69632269625,0.8993926453925168
2026-06-09,603688,sell,0.9688593087375058,186.25925445897,180.45901252108,0.36091802504216175
2026-06-09,603773,sell,0.9092326409734963,310.66263859151,282.46461133835004,0.564929222676707
2026-06-09,603920,sell,23.594442038289998,98.10492749228,2314.73102538793,4.629462050775873
2026-06-09,605117,buy,0.2758627711903072,811.82317294828,223.95179020601998,0.44790358041204115
2026-06-09,688002,buy,0.8198161913009906,121.49421480374,99.6029244455,0.19920584889101306
2026-06-09,688017,sell,5.1599326693097485,584.02701283667,3013.54006329531,6.0270801265906355
2026-06-09,688019,buy,0.12952704500342707,822.47272757841,106.53246199914001,0.21306492399828025
2026-06-09,688025,buy,0.4995111825851949,368.97031957653,184.3048006705,0.3686096013410196
2026-06-09,688099,buy,23.860668901929998,94.1018129952,2245.33220294992,4.490664405899859
2026-06-09,688141,buy,24.41109157371,91.98,2245.33220294992,4.490664405899859
2026-06-09,688143,sell,1.918472757230304,247.54238421596,474.90332037815,0.9498066407563119
2026-06-09,688167,sell,5.070571392666244,426.42558549633,2162.2213749186403,4.324442749837288
2026-06-09,688200,buy,2.2528447255803177,996.66531716763,2245.33220294992,4.490664405899859
2026-06-09,688257,buy,7.234018491679852,310.38518985435,2245.33220294992,4.490664405899859
2026-06-09,688388,sell,32.70173075898,64.562976588725,2111.32107740307,4.222642154806154
2026-06-09,688469,sell,285.00862218375,7.01,1997.91044150813,3.99582088301627
2026-06-09,688519,buy,8.204627893591248,273.66654918059,2245.33220294992,4.490664405899859
2026-06-09,688531,sell,6.075242529750003,400.77780000769,2434.82233558635,4.869644671172719
2026-06-09,688536,buy,5.292819762835984,424.2223056065,2245.33220294992,4.490664405899859
2026-06-09,688627,buy,8.859620621477753e-16,390.03892062194,3.4555968643210636e-13,6.911193728642127e-16
2026-06-09,688627,sell,0.36624570868049056,390.03892062194,142.85008089615002,0.28570016179231206
2026-06-09,688629,buy,1.3283996028780602,126.4990820029,168.04133029709,0.3360826605941831
2026-06-09,688800,buy,0.3291407120085749,218.9102662758,72.052280908,0.1441045618160071
2026-06-16,000338,buy,0.4153910586815444,684.81563340556,284.466290962,0.568932581924016
2026-06-16,000426,buy,4.81738367727187,503.33331904872,2424.74971541237,4.849499430824757
2026-06-16,001389,buy,0.08736330840563573,196.01939384133,17.12490275764,0.03424980551529177
2026-06-16,002028,sell,8.470329472543003e-17,2771.5832429417,2.34762232282954e-13,4.695244645659081e-16
2026-06-16,002126,sell,8.114411350179877,280.27240146198,2274.24555556526,4.548491111130522
2026-06-16,002131,buy,1.0363612999319463,244.09362169937,252.96918308945,0.5059383661789116
2026-06-16,002176,sell,16.053161617409998,145.44253628147,2334.81254097289,4.669625081945798
2026-06-16,002281,sell,3.1419532356084376,787.73166210365,2475.01604453777,4.950032089075552
2026-06-16,002335,buy,7.1224159252815165,340.43921905846,2424.74971541237,4.849499430824757
2026-06-16,002484,buy,0.19330337209286355,440.12708738488,85.0780501409,0.17015610028181546
2026-06-16,002491,sell,20.70356739975,102.44039486804,2120.8816196081298,4.241763239216279
2026-06-16,002552,buy,0.13921646826225345,213.12759117382,29.67087053246,0.059341741064921266
2026-06-16,002655,buy,1.4047721292497473,111.41531387329,156.51312770081,0.313026255401621
2026-06-16,002716,sell,67.86264871684,35.986730705558,2442.15486433884,4.884309728677694
2026-06-16,002738,sell,12.69084473317,199.79587959468,2535.5784862651503,5.071156972530306
2026-06-16,002837,buy,2.3656074864367347,1025.0008631249,2424.74971541237,4.849499430824757
2026-06-16,002865,buy,2.3680184570969947,98.429210658112,233.08218755589,0.46616437511179487
2026-06-16,002957,buy,41.742784818189996,58.087876167656,2424.74971541237,4.849499430824757
2026-06-16,002980,buy,1.42636542160137,186.63651158003,266.21186652605,0.532423733052117
2026-06-16,300058,buy,5.980664329454555,405.43150089039,2424.74971541237,4.849499430824757
2026-06-16,300283,sell,19.84727921415,112.40204069389,2230.87468589294,4.461749371785887
2026-06-16,300346,sell,2.835024465341439,843.77314113647,2392.11749831988,4.784234996639776
2026-06-16,300373,sell,4.157093224384749,592.23663468339,2461.98290127474,4.923965802549492
2026-06-16,300395,sell,2.650020558162205,924.05149643847,2448.75546236249,4.8975109247249895
2026-06-16,300475,buy,5.197083713925218,466.55968017514,2424.74971541237,4.849499430824757
2026-06-16,300748,sell,27.58028486975,85.563818458436,2359.87448762743,4.719748975254878
2026-06-16,300903,sell,18.22197924276,138.55550495847,2524.75553532351,5.049511070647037
2026-06-16,301183,sell,0.9619611718316825,237.36704263108,228.33787848361,0.45667575696722934
2026-06-16,301217,buy,12.982143907380001,186.77575389016,2424.74971541237,4.849499430824757
2026-06-16,301319,buy,5.128436215789603,472.80488893417,2424.74971541237,4.849499430824757
2026-06-16,301377,sell,0.8357821911214006,571.43806158838,477.5977552045,0.9551955104090044
2026-06-16,301511,sell,1.7727783343141714,226.19482780981,400.99329007515,0.8019865801503115
2026-06-16,301526,buy,67.26125774221,36.049723076923,2424.74971541237,4.849499430824757
2026-06-16,600050,sell,4.336808689942019e-14,6.3303427612446,2.7453485497277126e-13,5.490697099455426e-16
2026-06-16,600157,buy,3.104188784581009,70.592476242163,219.13237302672,0.4382647460534475
2026-06-16,600396,buy,4.488441672829381,85.14865184374,382.18475732068,0.7643695146413657
2026-06-16,600584,sell,8.279968310942902,278.90521287748,2309.32632438231,4.618652648764637
2026-06-16,600641,sell,4.887429354116039,565.49822227794,2763.83261126164,5.527665222523281
2026-06-16,600707,buy,26.469997504290003,16.80498560625,444.82792705716,0.8896558541143225
2026-06-16,600795,buy,0.14798975085441873,1212.3644470417,179.41751246245,0.3588350249249127
2026-06-16,600875,buy,28.99479968795,83.627055248103,2424.74971541237,4.849499430824757
2026-06-16,601088,sell,16.95978131999,115.83766234167,1964.58142193383,3.9291628438676733
2026-06-16,601208,sell,0.34668383487156185,203.48202904328,70.54393015616999,0.14108786031234166
2026-06-16,601225,buy,55.507176555659996,43.683535461052,2424.74971541237,4.849499430824757
2026-06-16,603031,buy,14.765800818250002,164.21389840336,2424.74971541237,4.849499430824757
2026-06-16,603179,sell,11.48722290014,193.38302344008,2221.43389536109,4.4428677907221905
2026-06-16,603186,buy,1.6272446675779548e-15,212.35877635196,3.455596864321063e-13,6.911193728642127e-16
2026-06-16,603186,sell,3.3876111264807562,212.35877635196,719.3889535757299,1.4387779071514764
2026-06-16,603629,buy,0.13038037563298763,346.40385042909,45.16426413965,0.09032852827931606
2026-06-16,603663,buy,11.028815831520001,219.85585328947,2424.74971541237,4.849499430824757
2026-06-16,603688,sell,0.19242067407997007,204.3921482032,39.32927493391,0.07865854986782578
2026-06-16,603773,buy,0.5775316699680924,310.66263859151,179.41751246244002,0.35883502492489744
2026-06-16,605117,buy,0.2857299165794779,794.89086105536,227.12409941913,0.4542481988382748
2026-06-16,688002,sell,0.7624269661145617,136.84983235646,104.33800249682001,0.2086760049936444
2026-06-16,688017,buy,4.60948884872553,526.03440316008,2424.74971541237,4.849499430824757
2026-06-16,688019,sell,2.740400345233528,951.31364337368,2606.98023672659,5.213960473453197
2026-06-16,688025,sell,0.5112807600316643,434.99769440571,222.40595180777,0.44481190361554607
2026-06-16,688099,buy,2.1383810596144475,93.605954425809,200.16520001128,0.40033040002256626
2026-06-16,688141,sell,6.138419118967268,133.23,817.8215792199999,1.635643158440018
2026-06-16,688143,buy,0.746720202932161,246.98954043541,184.43207975605,0.36886415951210105
2026-06-16,688146,buy,7.309302327430417,331.73476848984,2424.74971541237,4.849499430824757
2026-06-16,688200,sell,2.2528447255803177,1017.81781384,2292.9854935111302,4.585970987022268
2026-06-16,688205,buy,6.484591377953633,373.92482796311,2424.74971541237,4.849499430824757
2026-06-16,688257,sell,1.0041175815360066,390.7715686427,392.38060243853005,0.784761204877079
2026-06-16,688308,buy,10.027352644550001,241.81354753971,2424.74971541237,4.849499430824757
2026-06-16,688388,buy,24.53629901525,98.822960785762,2424.74971541237,4.849499430824757
2026-06-16,688507,buy,4.486929224970357,540.40293346245,2424.74971541237,4.849499430824757
2026-06-16,688519,sell,1.088030973917313,342.08318647574,372.19710254193,0.7443942050838745
2026-06-16,688536,sell,5.292819762835984,488.58492916582,2585.99196891267,5.171983937825343
2026-06-16,688627,sell,5.779760457807646,475.53383318369,2748.47164538478,5.496943290769577
2026-06-16,688629,buy,2.3226307941680226e-15,148.77943033382,3.455596864321063e-13,6.911193728642127e-16
2026-06-16,688629,sell,1.4526726678135389,148.77943033382,216.12781197879997,0.43225562395761763
2026-06-16,688800,sell,10.29665160097,230.00419332944,2368.27304547765,4.736546090955307
2026-06-16,688802,buy,3.363083697988014,720.99,2424.74971541237,4.849499430824757
2026-06-16,688809,buy,4.209634922590935,576.0,2424.74971541237,4.849499430824757
2026-06-24,000338,sell,3.553260011880712,699.13151881945,2484.19606886657,4.968392137733157
2026-06-24,000426,sell,4.81738367727187,456.93029769562,2201.20855776985,4.402417115539713
2026-06-24,000636,buy,3.4311488253061837,695.39379561385,2385.99960494567,4.77199920989134
2026-06-24,000811,buy,3.335777877478298,715.27532485148,2385.99960494567,4.77199920989134
2026-06-24,001309,buy,1.2259921579019597,1946.178521263,2385.99960494567,4.771999209891341
2026-06-24,001389,buy,1.237425940649245,184.82815086064,228.71114843718001,0.45742229687437597
2026-06-24,001896,buy,108.21001265436999,22.049711911286,2385.99960494567,4.77199920989134
2026-06-24,002131,buy,0.8025351704973254,234.56580375199,188.24730730694,0.37649461461389094
2026-06-24,002335,sell,7.1224159252815165,329.68120092307,2348.1266357204,4.696253271440818
2026-06-24,002484,sell,5.530509770301801,472.47984304382,2613.0543882244997,5.226108776449016
2026-06-24,002552,buy,0.06678636678541712,220.8951931413,14.752787390269999,0.02950557478054084
2026-06-24,002636,buy,8.018051731346182,297.57847478306,2385.99960494567,4.77199920989134
2026-06-24,002655,sell,4.3055104966911015,144.74782926348,623.21329826716,1.246426596534329
2026-06-24,002837,sell,0.15337723445943918,1147.6058416506,176.01661024186,0.35203322048373215
2026-06-24,002865,sell,24.72369673321,87.043250157688,2152.03091957212,4.304061839144248
2026-06-24,002957,sell,41.742784818189996,57.73742928238,2410.12108649009,4.820242172980192
2026-06-24,002980,sell,13.03818394973,184.27092642451,2402.55823531011,4.80511647062022
2026-06-24,300017,buy,6.603631506019507,361.31628525467,2385.99960494567,4.77199920989134
2026-06-24,300058,buy,0.38440899453159794,397.32287087258,152.73448529653,0.30546897059307276
2026-06-24,300283,buy,16.02846259701,148.86016612659,2385.99960494567,4.77199920989134
2026-06-24,300475,sell,1.2410802686766995,641.75079607036,796.4642504104801,1.5929285008209768
2026-06-24,301183,sell,0.0007927169859255887,247.55572119825,0.19624162515691213,0.0003924832503138243
2026-06-24,301217,buy,1.099610683625006,179.39088058972,197.26012884135002,0.3945202576827077
2026-06-24,301308,buy,4.049095622607736,589.26729011379,2385.99960494567,4.77199920989134
2026-06-24,301319,sell,0.8031735264249152,586.96281418649,471.43299335045,0.9428659867009109
2026-06-24,301377,sell,0.06094545460561042,604.56897871107,36.84573124799,0.07369146249599154
2026-06-24,301389,buy,23.21489984247,102.77880245601,2385.99960494567,4.77199920989134
2026-06-24,301511,buy,1.7711094020182503,200.73737265506,355.52784804581,0.711055696091636
2026-06-24,301526,sell,67.26125774221,38.613169230769,2597.1703278745003,5.194340655749006
2026-06-24,600157,buy,2.636854876914259,68.100977080675,179.5723935378,0.35914478707560815
2026-06-24,600396,sell,28.5728111465,73.066425867035,2087.71318744911,4.175426374898237
2026-06-24,600498,buy,11.52371342837,207.05127906687,2385.99960494567,4.77199920989134
2026-06-24,600707,sell,144.75973563331002,20.806172655357,3011.89605313049,6.0237921062609905
2026-06-24,600795,buy,0.17180186089873314,1159.126886493,199.14015611724997,0.39828031223450416
2026-06-24,600875,sell,28.99479968795,81.540391681452,2364.2473232811703,4.7284946465623525
2026-06-24,601208,sell,0.5726491067048091,222.86718723,127.62469568107001,0.2552493913621459
2026-06-24,601225,buy,8.377447960810168,39.409012898037,330.1469547402,0.6602939094804033
2026-06-24,601991,buy,101.76639962863,23.445848665695,2385.99960494567,4.77199920989134
2026-06-24,603031,sell,14.765800818250002,160.34107294426,2367.56434607945,4.735128692158919
2026-06-24,603186,sell,11.46393943761,250.50820363423,2871.8108750892397,5.7436217501784865
2026-06-24,603629,sell,0.6833011589499525,400.18363010788,273.44593824551,0.546891876491027
2026-06-24,603663,sell,11.028815831520001,295.06969783587,3254.2693548955804,6.508538709791172
2026-06-24,603688,buy,0.02015777502632954,212.76580558377,4.2888852422534045,0.00857777048450681
2026-06-24,603773,sell,1.2046245435843228,382.9540613528,461.31586137087004,0.9226317227417588
2026-06-24,605111,buy,7.772635092573023,306.97434995058,2385.99960494567,4.77199920989134
2026-06-24,605117,buy,0.1482306565568148,788.62822514975,116.89887959318,0.23379775918636597
2026-06-24,688002,sell,0.42952480366356444,146.24397669262,62.81541537587,0.125630830751753
2026-06-24,688017,buy,0.13159123133233688,534.5331981895,70.33988173776,0.14067976347553676
2026-06-24,688025,buy,0.22521315115006074,435.00805174027,97.96953410807,0.19593906821614976
2026-06-24,688099,sell,0.8761498007730685,101.05395252931,88.53840037588,0.17707680075177215
2026-06-24,688141,buy,0.17959827237245962,137.5,24.69476245121,0.049389524902426395
2026-06-24,688143,sell,9.853570884510583,286.7021520051,2825.03997752398,5.650079955047963
2026-06-24,688205,buy,0.5880989542995316,357.05278597634,209.98237006242,0.41996474012484
2026-06-24,688257,sell,0.05349278444890935,411.04284376604,21.98782624084,0.043975652481687
2026-06-24,688300,buy,3.4289986495440306,695.82984678718,2385.99960494567,4.77199920989134
2026-06-24,688308,sell,0.41579606194666646,264.13706650161,109.82715206551,0.21965430413102838
2026-06-24,688388,sell,24.53629901525,90.291702025555,2215.42419949541,4.430848398990833
2026-06-24,688507,buy,0.44792363161976334,511.48422003,229.10586935203,0.4582117387040795
2026-06-24,688519,buy,0.1271095286729855,350.08585980784,44.49924863525,0.08899849727050284
2026-06-24,688536,buy,4.672388517568783,510.65950444275,2385.99960494567,4.77199920989134
2026-06-24,688549,buy,77.10826805092,30.943498865387,2385.99960494567,4.77199920989134
2026-06-24,688627,buy,4.32501265757992,551.67459470067,2385.99960494567,4.77199920989134
2026-06-24,688629,sell,16.36293502188,144.16106676343,2358.89816813575,4.717796336271518
2026-06-24,688783,buy,50.765949041389995,47.0,2385.99960494567,4.77199920989134
2026-06-24,688795,buy,3.457820101945814,690.03,2385.99960494567,4.77199920989134
2026-06-24,688802,buy,0.020747768258092845,749.97,15.56020376052,0.031120407521043787
2026-06-24,688809,buy,0.04144197991440758,596.833408,24.733958106579998,0.04946791621316684
2026-07-01,000021,buy,3.684743001966357,714.60413203695,2633.13257469939,5.266265149398788
2026-07-01,000636,buy,0.0928445978945366,750.11691548161,69.64430339178,0.13928860678356036
2026-07-01,000657,buy,7.80451930544818,337.38561872238,2633.13257469939,5.266265149398788
2026-07-01,000811,sell,0.5602603964252263,952.5020938691,533.64920070696,1.06729840141392
2026-07-01,001309,buy,1.4261012594216046e-16,2423.1076450508,3.455596864321063e-13,6.911193728642127e-16
2026-07-01,001309,sell,0.13496088751119803,2423.1076450508,327.02475831122,0.65404951662245
2026-07-01,001389,sell,2.588431826658407,238.85484111221,618.25947268628,1.2365189453725625
2026-07-01,001896,buy,31.293734988520004,18.933623592026,592.50379906126,1.1850075981225225
2026-07-01,002131,sell,10.771883118469999,215.51016785725,2321.4503390021,4.642900678004217
2026-07-01,002552,sell,11.488813972,189.3754198683,2175.6989697366903,4.351397939473393
2026-07-01,002602,buy,19.19101986737,137.2064951679,2633.13257469939,5.266265149398788
2026-07-01,002636,sell,0.09970677375159641,333.86853268343,33.288954251039996,0.06657790850208845
2026-07-01,002655,sell,17.539249971230003,141.86269441387,2488.1652589173,4.976330517834604
2026-07-01,002837,buy,0.07490825760120533,1155.7407691357,86.57452725463,0.1731490545092644
2026-07-01,002859,buy,5.454554920217236,482.74013429395,2633.13257469939,5.266265149398788
2026-07-01,002971,buy,31.10125220114,84.663233418048,2633.13257469939,5.266265149398788
2026-07-01,300017,buy,1.355014697060967,331.95135747779,449.79896809174,0.8995979361834888
2026-07-01,300042,buy,10.85318877287,242.61372669391,2633.13257469939,5.266265149398788
2026-07-01,300058,buy,0.7352302298259488,372.17978744617,273.63783066062,0.5472756613212406
2026-07-01,300283,sell,16.02846259701,134.41568390499,2154.4767619234804,4.308953523846978
2026-07-01,300475,sell,3.9560034452485184,685.14319865163,2710.42885435443,5.420857708708876
2026-07-01,300489,buy,2.83121479479247,930.03631499192,2633.13257469939,5.266265149398788
2026-07-01,301171,buy,58.99100411879,44.636171464325,2633.13257469939,5.266265149398788
2026-07-01,301183,sell,0.22304829494427814,263.51764902264,58.77716230222,0.11755432460444915
2026-07-01,301217,buy,1.4396081761082389,170.26235664891,245.11108071522,0.4902221614304556
2026-07-01,301308,sell,0.36734660422757986,718.05171918983,263.77386070415,0.5275477214083196
2026-07-01,301319,buy,0.5275139675896992,544.54080311729,287.25287956688,0.5745057591337657
2026-07-01,301377,sell,4.199303056630413,574.23800400308,2411.39940544348,4.822798810886963
2026-07-01,301389,sell,23.21489984247,94.573726764919,2195.51959457707,4.391039189154152
2026-07-01,301511,sell,12.53381416727,198.79855984526,2491.70420582275,4.9834084116455175
2026-07-01,600157,sell,37.11064011052,66.439977639682,2465.63009913772,4.931260198275442
2026-07-01,600378,buy,11.57289557779,227.52582160613,2633.13257469939,5.266265149398788
2026-07-01,600459,buy,17.544058407370002,150.08685639076,2633.13257469939,5.266265149398788
2026-07-01,600498,sell,11.52371342837,188.69784470021,2174.4998868777398,4.348999773755482
2026-07-01,600552,buy,13.14098997889,200.3755104394,2633.13257469939,5.266265149398788
2026-07-01,600795,sell,2.1792419906532166,1125.2484388711,2452.18864790488,4.90437729580976
2026-07-01,600869,buy,8.397972673160359,313.54383696851,2633.13257469939,5.266265149398788
2026-07-01,601208,buy,0.6274391139598083,219.91592115991,137.98385071822,0.27596770143645805
2026-07-01,601211,buy,105.17070997286,25.036748115314,2633.13257469939,5.266265149398788
2026-07-01,601225,buy,7.703711856632333,36.913086621641,284.36778307203,0.5687355661440643
2026-07-01,601328,buy,150.7413093159,17.467889768565,2633.13257469939,5.266265149398788
2026-07-01,601991,buy,29.69137092457,20.092347083927,596.5693300142,1.19313866002841
2026-07-01,603629,buy,0.7285459226071005,373.64083831501,272.21450927389,0.5444290185477989
2026-07-01,603688,buy,0.19328777009854553,218.03612668273,42.14371672742,0.08428743345485774
2026-07-01,603773,buy,0.7926918904144868,356.03752470987,282.22805852076004,0.5644561170415229
2026-07-01,605006,buy,99.88964448407,26.360415919983,2633.13257469939,5.266265149398788
2026-07-01,605111,sell,7.772635092573023,409.1942520033,3180.51760280001,6.361035205600037
2026-07-01,605117,sell,3.209729980983279,807.95734831519,2593.3249242430097,5.186649848486031
2026-07-01,688002,buy,2.1996082297980226e-15,157.1005607957,3.455596864321063e-13,6.911193728642127e-16
2026-07-01,688002,sell,0.5318277517615607,157.1005607957,83.55043804844999,0.16710087609691504
2026-07-01,688017,buy,6.0188587913578055e-16,574.12824990724,3.455596864321063e-13,6.911193728642127e-16
2026-07-01,688017,sell,0.1363838075778553,574.12824990724,78.30179676035,0.1566035935207197
2026-07-01,688025,sell,5.8217213222369075,484.93040434475,2823.12967477479,5.6462593495495925
2026-07-01,688048,buy,3.9860337066607143,660.5896408501,2633.13257469939,5.266265149398788
2026-07-01,688099,buy,0.266749505322692,104.12018000942,27.774006511619998,0.05554801302324485
2026-07-01,688141,sell,18.45227072711,155.99,2878.36971072284,5.756739421445682
2026-07-01,688146,sell,7.309302327430417,356.36302917991,2604.76511859486,5.209530237189739
2026-07-01,688205,sell,7.072690332253164,334.68491264916,2367.1227460447,4.734245492089419
2026-07-01,688257,buy,0.05507935451916319,424.23138420773,23.36639080893,0.04673278161786578
2026-07-01,688268,buy,9.87983211918066,266.51592283511,2633.13257469939,5.266265149398788
2026-07-01,688300,sell,3.4289986495440306,729.48707568568,2501.41019738602,5.0028203947720415
2026-07-01,688308,sell,0.12494058367070672,278.67536881101,34.817863233889994,0.06963572646779409
2026-07-01,688388,buy,28.393504462419997,92.737146208363,2633.13257469939,5.266265149398788
2026-07-01,688411,buy,8.91192639675001,295.46166086601,2633.13257469939,5.266265149398788
2026-07-01,688456,buy,18.26844317922,144.13557569556,2633.13257469939,5.266265149398788
2026-07-01,688498,buy,0.6852878295745296,3842.3746359748,2633.13257469939,5.266265149398788
2026-07-01,688507,sell,0.35347268867602577,577.05017164664,203.9714756729,0.4079429513458001
2026-07-01,688519,sell,7.243706448346919,395.66585286644,2866.08728979931,5.73217457959863
2026-07-01,688536,sell,4.672388517568783,549.17418317574,2565.9551476155398,5.131910295231086
2026-07-01,688549,sell,5.803913227763596,37.076083485082,215.18637137272998,0.4303727427454697
2026-07-01,688627,sell,4.32501265757992,733.81497115329,3173.7590385596195,6.347518077119246
2026-07-01,688662,buy,12.214272614210001,215.57833674318,2633.13257469939,5.266265149398788
2026-07-01,688783,sell,7.779181362155929,61.5,478.41965377258,0.9568393075451791
2026-07-01,688795,buy,0.23961382026863237,714.82,171.28075100442,0.34256150200884766
2026-07-01,688802,sell,3.383831466246107,828.0,2801.8124540517697,5.603624908103553
2026-07-01,688809,sell,4.251076902505342,633.371776,2692.51212765238,5.385024255304774
2026-07-08,000021,buy,0.1074207560115922,608.53271750668,65.36904457234999,0.13073808914471247
2026-07-08,000032,buy,32.848738803959996,69.978469687691,2298.70447267186,4.597408945343733
2026-07-08,000636,buy,0.20388287990804532,618.96150387899,126.19565396306,0.2523913079261265
2026-07-08,000651,buy,0.33097923348597436,6945.162234081,2298.70447267186,4.597408945343733
2026-07-08,000657,sell,7.80451930544818,266.21907421463,2077.7119041866204,4.155423808373243
2026-07-08,000811,sell,0.12421840399180473,870.48561854796,108.13033423384,0.2162606684676931
2026-07-08,001270,buy,7.674547520456355,299.52312713482,2298.70447267186,4.597408945343733
2026-07-08,001309,sell,0.05205388624274422,2221.3358560676,115.62916395867,0.23125832791734344
2026-07-08,001389,buy,0.865554341602787,193.33837011456,167.34486565106,0.33468973130212787
2026-07-08,001896,sell,139.50374764289,16.754619803558,2337.33225292828,4.674664505856564
2026-07-08,002056,buy,6.931123104611561,331.64963859067,2298.70447267186,4.597408945343733
2026-07-08,002192,buy,7.634779528507528,301.0832813297,2298.70447267186,4.597408945343733
2026-07-08,002245,buy,5.231317453949095,439.4121543774,2298.70447267186,4.597408945343733
2026-07-08,002602,sell,2.964066749808133,142.22742250691,421.57157396364,0.8431431479272895
2026-07-08,002617,buy,31.11378291404,73.880584659928,2298.70447267186,4.597408945343733
2026-07-08,002636,sell,7.918344957594585,274.07895049738,2170.25167565374,4.34050335130749
2026-07-08,002815,buy,61.919745766039995,37.123932668542,2298.70447267186,4.597408945343733
2026-07-08,002837,sell,2.2871385095785013,1045.9192480866,2392.1621902082497,4.784324380416506
2026-07-08,002859,buy,0.8854178668800801,363.82279095922,322.13519949346,0.6442703989869396
2026-07-08,002971,sell,2.3883869925074617,80.379220265234,191.97668414937002,0.3839533682987541
2026-07-08,300017,sell,7.958646203080473,336.54760704287,2678.46333494755,5.356926669895114
2026-07-08,300042,buy,0.6272564623849715,200.98631885064,126.06996735003,0.25213993470006074
2026-07-08,300058,sell,7.100303553812101,331.06690394921,2350.67551466014,4.70135102932029
2026-07-08,300489,buy,0.030809407228929983,806.35871022337,24.84343387586,0.049686867751733116
2026-07-08,300570,buy,5.168655720038716,444.73932820866,2298.70447267186,4.597408945343733
2026-07-08,300604,buy,1.0801615349695914,2128.111766854,2298.70447267186,4.597408945343733
2026-07-08,300679,buy,10.5332130952,218.23392842183,2298.70447267186,4.597408945343733
2026-07-08,301171,sell,58.99100411879,38.078625730429,2246.29636730192,4.49259273460385
2026-07-08,301183,sell,10.03229279738,209.50658889853,2101.8314428111603,4.203662885622338
2026-07-08,301217,buy,2.3140938756524793e-15,149.32829219587,3.4555968643210666e-13,6.911193728642133e-16
2026-07-08,301217,sell,0.06603489111147388,149.32829219587,9.86087751501663,0.019721755030033265
2026-07-08,301308,sell,0.054210508616722206,636.22142420807,34.48988699917,0.0689797739983497
2026-07-08,301319,sell,4.852776656954387,443.45837858653,2152.00446793555,4.304008935871108
2026-07-08,600206,buy,12.35825989318,186.0055131176,2298.70447267186,4.597408945343733
2026-07-08,600378,buy,0.4119986247602332,192.54235652126,79.32718609485,0.15865437218970727
2026-07-08,600459,buy,1.738292819047839,119.64744825808,207.98230012441002,0.4159646002488367
2026-07-08,600552,buy,1.9110381289135303,153.25136759339,292.86920677911,0.5857384135582233
2026-07-08,600869,sell,8.397972673160359,225.71515694685,1895.54971995774,3.791099439915496
2026-07-08,601208,sell,12.01883500224,186.89280713349,2246.23381204365,4.492467624087318
2026-07-08,601211,sell,16.338896947909998,25.980756650809,424.49690554653,0.8489938110930725
2026-07-08,601225,sell,71.58833637311,41.683672263652,2984.06475127679,5.968129502553595
2026-07-08,601328,sell,150.7413093159,18.1481035446,2735.66888991362,5.471337779827252
2026-07-08,601991,sell,14.76107014292,19.777060610428,291.93057889132,0.5838611577826599
2026-07-08,603629,buy,0.13070479722967135,320.37579169532,41.87465289083,0.08374930578166445
2026-07-08,603688,buy,1.1635615120442424,173.6263143768,202.02489688693,0.4040497937738769
2026-07-08,603773,sell,7.422125069101837,274.38087058082,2036.4891380198899,4.072978276039781
2026-07-08,605006,buy,6.240697022289089,21.740944974782,135.67865056587002,0.27135730113174594
2026-07-08,688002,sell,1.8847765600344228,154.44590766547,291.09602656111,0.5821920531222373
2026-07-08,688017,sell,0.9534625773624302,632.09257740403,602.6766179833,1.2053532359666157
2026-07-08,688019,buy,1.8897942473720275,1216.3781723161,2298.70447267186,4.597408945343733
2026-07-08,688048,buy,0.2167757610897194,549.02339039542,119.01496330902,0.23802992661805064
2026-07-08,688099,sell,2.017548135113452,98.746692247248,199.22620479205,0.3984524095841144
2026-07-08,688106,buy,56.329340024619995,40.80829762371,2298.70447267186,4.597408945343733
2026-07-08,688205,buy,8.216741518109226,279.75864490877,2298.70447267186,4.597408945343733
2026-07-08,688257,sell,6.231487480214099,354.62519854325,2209.8424848907,4.419684969781403
2026-07-08,688268,buy,0.4293964921625594,223.83173206855,96.11256058490001,0.19222512116981047
2026-07-08,688301,buy,5.003051248755098,459.46050887323,2298.70447267186,4.597408945343733
2026-07-08,688308,buy,1.1567028899089824,216.74750907523,250.71247012789,0.5014249402557838
2026-07-08,688388,sell,28.393504462419997,78.88665631091,2239.86862798933,4.479737255978676
2026-07-08,688411,buy,1.2873940792290382e-15,268.41795531563,3.4555968643210666e-13,6.911193728642133e-16
2026-07-08,688411,sell,0.3137023534386955,268.41795531563,84.20334428771,0.1684066885754315
2026-07-08,688456,sell,18.26844317922,119.39403011213,2181.14305504226,4.362286110084537
2026-07-08,688498,sell,0.6852878295745296,3489.5451179156,2391.34280005877,4.782685600117555
2026-07-08,688507,buy,0.3756888206538211,465.43973438039,174.86050489479,0.3497210097895929
2026-07-08,688545,buy,20.79984617545,110.51545541641,2298.70447267186,4.597408945343733
2026-07-08,688549,sell,1.2988332234050606,32.967652612411,42.81948251067,0.0856389650213521
2026-07-08,688662,buy,2.199871692372581,160.01690974751,352.01667005448,0.7040333401089708
2026-07-08,688783,buy,0.9696832822614011,52.5,50.908372318720005,0.10181674463744712
2026-07-08,688795,sell,3.6974339222144463,663.19,2452.10120287339,4.9042024057467986
2026-07-08,688802,buy,2.7455085310081295,837.26,2298.70447267186,4.597408945343733
2026-07-08,688809,buy,4.2500600385159055,540.864,2298.70447267186,4.597408945343733
2026-07-15,000021,sell,0.1964628656764596,604.70829747059,118.8027250194,0.23760545003881012
2026-07-15,000032,sell,32.848738803959996,61.626200724967,2024.34297109491,4.04868594218983
2026-07-15,000636,sell,0.07513738873729033,595.26569398165,44.72670985067,0.08945341970134427
2026-07-15,000651,sell,0.02383946284373089,7079.3507472199,168.76791909608,0.33753583819217464
2026-07-15,000811,sell,2.6512990770612666,866.5645121581,2297.5216912988103,4.595043382597635
2026-07-15,001270,buy,1.5141143622206075,234.84814868763,355.58695486886,0.7111739097377225
2026-07-15,001389,sell,1.103580262266307,200.76833321041,221.56396981911,0.44312793963822705
2026-07-15,002050,buy,4.134187411402427,502.74277632674,2078.43285706351,4.156865714127028
2026-07-15,002056,sell,6.931123104611561,263.08158447714,1823.45084856732,3.646901697134646
2026-07-15,002149,buy,15.94452529444,130.35401297192,2078.43285706351,4.156865714127029
2026-07-15,002192,buy,2.03490650529141,222.69975790082,453.1731860792,0.9063463721584016
2026-07-15,002245,sell,5.231317453949095,437.7382033131,2289.94750325213,4.579895006504275
2026-07-15,002472,buy,9.209928775903204,225.67306519259,2078.43285706351,4.156865714127028
2026-07-15,002602,buy,0.33983037875689653,131.1234485841,44.559731196239994,0.0891194623924903
2026-07-15,002617,buy,8.621007998534584,54.17909541728,467.07841494572995,0.9341568298914787
2026-07-15,002648,buy,6.659795876312785,312.08657076953,2078.43285706351,4.156865714127028
2026-07-15,002815,sell,9.012273618625755,41.097222689805,370.37941584611,0.7407588316922349
2026-07-15,002859,buy,0.0791138600735397,338.53946390787,26.78316377697,0.05356632755395674
2026-07-15,002971,sell,28.71286520864,66.728149356855,1915.95635810542,3.8319127162108564
2026-07-15,300042,buy,0.15746477624807298,186.71680097799,29.40131928775,0.05880263857551033
2026-07-15,300054,buy,1.911320979746124,1087.4326599709,2078.43285706351,4.156865714127028
2026-07-15,300184,buy,15.899112818150002,130.72634183022,2078.43285706351,4.156865714127028
2026-07-15,300236,buy,6.879504275226906,302.11956761884,2078.43285706351,4.156865714127028
2026-07-15,300438,buy,6.411457645496806,324.17477771585,2078.43285706351,4.156865714127028
2026-07-15,300489,sell,0.24734703028574584,831.59412117931,205.69233627678003,0.411384672553574
2026-07-15,300558,buy,29.44807602427,70.57958066089,2078.43285706351,4.156865714127028
2026-07-15,300570,sell,0.09116875021359894,428.23352924764,39.04151566106,0.07808303132213201
2026-07-15,300604,sell,1.0801615349695914,2400.0735945111,2592.46717788709,5.184934355774192
2026-07-15,300679,sell,10.5332130952,198.58537541616,2091.74207685062,4.1834841537012455
2026-07-15,301095,buy,21.05570037509,98.711171798487,2078.43285706351,4.156865714127028
2026-07-15,301217,sell,15.455327876,140.40490362451,2170.0038209159297,4.340007641831864
2026-07-15,301308,sell,3.6275385097634345,552.28356343184,2003.42989465837,4.006859789316752
2026-07-15,600206,sell,12.35825989318,173.77677696108,2147.57857308444,4.295157146168896
2026-07-15,600360,buy,20.54319126059,101.17380647916,2078.43285706351,4.156865714127028
2026-07-15,600378,sell,11.98489420255,165.85302371732,1987.7309424257,3.975461884851401
2026-07-15,600459,sell,19.28235122642,108.9910176813,2101.60308345652,4.203206166913043
2026-07-15,600552,buy,0.7758468575777884,137.06468140806,106.34120235534,0.21268240471068817
2026-07-15,601211,sell,0.9287053474432839,24.735759886605,22.97223247976,0.04594446495952629
2026-07-15,601991,sell,116.69670041028999,16.710183095477,1950.02323049401,3.9000464609880265
2026-07-15,603067,buy,17.15265829356,121.17263817021,2078.43285706351,4.156865714127028
2026-07-15,603203,buy,8.674131675637208,239.61278601536,2078.43285706351,4.156865714127028
2026-07-15,603268,buy,8.925524063293437,232.86395760347,2078.43285706351,4.156865714127028
2026-07-15,603459,buy,22.110987841100002,94.0,2078.43285706351,4.156865714127028
2026-07-15,603629,sell,0.7614804306972,337.53878053614,257.02917597966,0.5140583519593352
2026-07-15,603688,sell,0.38693554936667107,168.5432635707,65.21538028178,0.13043076056356087
2026-07-15,605006,sell,106.13034150636,21.510611243443,2282.9285172771897,4.565857034554385
2026-07-15,688002,sell,0.2004309920517297,147.48576793407,29.56071878053,0.05912143756107366
2026-07-15,688017,buy,0.23096087793263959,558.54923845819,129.00302248290998,0.2580060449658216
2026-07-15,688019,buy,2.6723670350630236e-16,1240.996793351,3.3163989211701317e-13,6.632797842340265e-16
2026-07-15,688019,sell,0.13769450267741887,1240.996793351,170.87843628473001,0.341756872569475
2026-07-15,688048,sell,4.202809467750434,612.09397277182,2572.51434391838,5.145028687836763
2026-07-15,688099,sell,23.37210153098,99.667572447545,2329.44062259052,4.658881245181049
2026-07-15,688106,sell,56.329340024619995,44.04705140337,2481.14133558235,4.962282671164718
2026-07-15,688195,buy,9.22337641534126,225.34403492483,2078.43285706351,4.156865714127028
2026-07-15,688205,sell,0.2808796666756754,273.99042542611,76.95833936601,0.15391667873202453
2026-07-15,688268,sell,0.3592961526859004,218.52913814558,78.51667858547,0.15703335717094508
2026-07-15,688301,buy,0.30762815376362773,408.33817116903,125.61631770794,0.2512326354158898
2026-07-15,688308,buy,0.882828990346684,187.98054375511,165.95467364814,0.3319093472962889
2026-07-15,688313,buy,13.42758371155,154.78830009263,2078.43285706351,4.156865714127028
2026-07-15,688411,buy,1.5326786526335685,213.13743955824,326.67120368789,0.6533424073757839
2026-07-15,688507,buy,0.0023908070483797147,438.41504574,1.0481657814709069,0.0020963315629418137
2026-07-15,688545,sell,1.168300159684081,110.75796898778,129.3985528547,0.2587971057094157
2026-07-15,688549,buy,1.991865102566996,30.161894943269,60.07842596478,0.12015685192957895
2026-07-15,688627,buy,3.2489303967807555,639.72834232551,2078.43285706351,4.156865714127028
2026-07-15,688662,buy,0.655374221934452,143.99895689169,94.37320433226,0.18874640866452808
2026-07-15,688783,sell,43.956450961499996,51.65,2270.35069216161,4.54070138432323
2026-07-15,688795,buy,2.96918979580502,700.0,2078.43285706351,4.156865714127028
2026-07-15,688802,buy,3.401434790943725e-16,975.0,3.3163989211701317e-13,6.632797842340265e-16
2026-07-15,688802,sell,0.5154057978828834,975.0,502.52065293581,1.0050413058716228
2026-07-15,688809,sell,0.37356361527712323,560.906016,209.53407916764,0.4190681583352958
2026-07-22,000021,sell,3.5957008923014895,443.52024124378,1594.7661271940299,3.1895322543880633
2026-07-22,000062,buy,12.65383969818,141.74077796027,1793.5650830047198,3.5871301660094423
2026-07-22,000636,buy,0.4721822328724354,436.35450215285,206.03884315046997,0.41207768630094527
2026-07-22,000651,sell,0.06163938776302716,7335.0342654981,452.12702134612,0.9042540426922567
2026-07-22,001270,buy,0.431864759525931,187.14461848546,80.82116565879001,0.16164233131759057
2026-07-22,001309,sell,1.0389773841480172,1230.7848355813,1278.7576089213,2.5575152178426137
2026-07-22,001389,sell,10.8301450235,177.65449667634,1924.02396308343,3.848047926166867
2026-07-22,002046,buy,8.653867951984639,207.25588753563,1793.5650830047198,3.5871301660094423
2026-07-22,002050,sell,4.134187411402427,450.42599418582,1862.14547493143,3.724290949862879
2026-07-22,002149,buy,0.3995617304192365,110.16689345331,44.01847458311,0.08803694916623239
2026-07-22,002156,buy,8.853668818834445,202.57874105131,1793.5650830047198,3.5871301660094423
2026-07-22,002192,sell,9.669686033798937,182.01452752899,1760.02333479558,3.5200466695911734
2026-07-22,002294,buy,4.282504702691321,418.81216893412,1793.5650830047198,3.5871301660094423
2026-07-22,002353,buy,1.623683871535747,1104.6270240452,1793.5650830047198,3.5871301660094423
2026-07-22,002472,sell,0.1431115823620559,198.60924535842,28.42328337497,0.056846566749954586
2026-07-22,002602,sell,2.7418905104060753,130.25444192927,357.1434182641,0.7142868365282092
2026-07-22,002617,sell,39.73479091258,46.751946694854,1857.67882667618,3.7153576533523607
2026-07-22,002648,sell,6.659795876312785,318.18771069957,2119.0652036103997,4.238130407220803
2026-07-22,002709,buy,3.414416535757296,525.29182196188,1793.5650830047198,3.5871301660094423
2026-07-22,002815,sell,52.907472147410004,28.961933287515,1532.30267874459,3.064605357489187
2026-07-22,002859,sell,6.419086647170855,264.18934113823,1695.8542720252701,3.391708544050556
2026-07-22,300042,buy,1.1748178302643428,140.49250147104,165.05309574661,0.3301061914932344
2026-07-22,300054,sell,0.09767260740258908,992.89021404137,96.97817606993,0.19395635213987075
2026-07-22,300184,buy,1.0306271662181665,106.34034868401,109.59725221885,0.21919450443770588
2026-07-22,300236,sell,6.879504275226906,239.63811566043,1648.59144119324,3.2971828823864953
2026-07-22,300323,buy,43.532013314509996,41.201059782059,1793.5650830047198,3.5871301660094423
2026-07-22,300420,buy,27.92125442093,64.236550978878,1793.5650830047198,3.5871301660094423
2026-07-22,300438,sell,6.411457645496806,284.65474940096,1825.05186937376,3.6501037387475246
2026-07-22,300489,sell,2.614677171735654,564.45410854192,1475.86527209695,2.951730544193915
2026-07-22,300558,sell,29.44807602427,61.780343258999,1819.3122450969602,3.6386244901939238
2026-07-22,300570,buy,0.7109694721718264,310.94086803421,221.06946482293,0.4421389296458636
2026-07-22,300679,buy,11.38042457275,157.60089366958,1793.5650830047198,3.5871301660094423
2026-07-22,300706,buy,19.79957000065,90.586062371333,1793.5650830047198,3.5871301660094423
2026-07-22,300759,buy,19.89989029356,90.129395516558,1793.5650830047198,3.5871301660094423
2026-07-22,300814,buy,12.833826323850001,139.75294956817,1793.5650830047198,3.5871301660094423
2026-07-22,301095,buy,2.5622842818750455,76.211881554982,195.27650620045,0.39055301240090623
2026-07-22,301392,buy,9.961610311104707,180.04770584183,1793.5650830047198,3.5871301660094423
2026-07-22,600026,buy,79.08920068674,22.677749521184,1793.5650830047198,3.5871301660094423
2026-07-22,600111,buy,2.997625989997822,598.32850695494,1793.5650830047198,3.5871301660094423
2026-07-22,600160,buy,5.294944629459685,338.73160316461,1793.5650830047198,3.5871301660094423
2026-07-22,600360,sell,20.54319126059,68.810954816739,1413.59660562422,2.827193211248458
2026-07-22,600552,sell,15.827874965380001,105.40926689239,1668.4046965653902,3.336809393130799
2026-07-22,601211,sell,17.36629182819,25.529274307746,443.34882779035996,0.8866976555807399
2026-07-22,601899,buy,26.35990288933,68.041414664325,1793.5650830047198,3.5871301660094423
2026-07-22,603067,buy,0.9059652985855933,99.697061577667,90.32207816031,0.18064415632063469
2026-07-22,603203,sell,8.674131675637208,175.68257176157,1523.89376057444,3.047787521148882
2026-07-22,603268,buy,1.5148496969076556e-15,228.11483352937,3.4555968643210646e-13,6.911193728642128e-16
2026-07-22,603268,sell,1.031457321771756,228.11483352937,235.29071524861,0.47058143049722795
2026-07-22,603399,buy,99.18958940567,18.08219082014,1793.5650830047198,3.5871301660094423
2026-07-22,603459,sell,22.110987841100002,75.0,1658.3240880825902,3.3166481761651827
2026-07-22,603629,sell,0.9196338939720881,326.09678797559,299.88965893778,0.5997793178755644
2026-07-22,603667,buy,22.63093648929,79.252799982603,1793.5650830047198,3.5871301660094423
2026-07-22,603688,sell,12.900842897730001,131.00894630249,1690.1258344461999,3.380251668892404
2026-07-22,688002,sell,2.8594145705160647,151.53567380117,433.30331362003,0.8666066272400699
2026-07-22,688017,buy,0.015947761522443874,461.94418753888,7.366975739549146,0.014733951479098293
2026-07-22,688019,sell,0.005201092052605324,1030.8289595899,5.361436309318443,0.010722872618636888
2026-07-22,688047,buy,15.596218113079999,115.0,1793.5650830047198,3.5871301660094423
2026-07-22,688183,buy,15.48943069548,115.79283436983,1793.5650830047198,3.5871301660094423
2026-07-22,688195,sell,9.22337641534126,179.9297627953,1659.5599305841101,3.319119861168235
2026-07-22,688205,buy,0.3875280705707379,216.30823059956,83.82551125281,0.1676510225056355
2026-07-22,688213,buy,18.70120900392,95.906370685874,1793.5650830047198,3.5871301660094423
2026-07-22,688268,buy,1.6892099252950439,154.62538291669,261.19473152541,0.522389463050839
2026-07-22,688301,sell,5.310679402518727,373.62942661966,1984.2261001239099,3.968452200247821
2026-07-22,688308,sell,11.52614787919,147.81070637348,1703.68805978926,3.407376119578527
2026-07-22,688313,buy,1.4103382627558037,121.31536810865,171.09570550393002,0.3421914110078685
2026-07-22,688396,buy,27.92674050365,64.223931997012,1793.5650830047198,3.5871301660094423
2026-07-22,688411,sell,0.6374246804931654,189.68324545346,120.90878212807002,0.2418175642561568
2026-07-22,688507,buy,0.3623900702196738,338.27755942197,122.58842851266,0.24517685702533515
2026-07-22,688525,buy,6.763907666540311,265.16699686442,1793.5650830047198,3.5871301660094423
2026-07-22,688545,buy,2.914866289187458,79.827383906891,232.68615030421998,0.465372300608444
2026-07-22,688549,sell,71.99738670232,23.047295139375,1659.3450205920901,3.3186900411841918
2026-07-22,688627,sell,3.2489303967807555,539.51773173971,1752.85555825134,3.5057111165026984
2026-07-22,688662,buy,0.8982252248006347,112.74904209852,101.27403368499,0.20254806736999867
2026-07-22,688795,sell,0.12439718820319644,633.0,78.74342013262,0.1574868402652467
2026-07-22,688802,sell,2.2301027331252463,875.0,1951.3398914845902,3.9026797829691815
2026-07-22,688809,sell,3.876496423238782,440.704,1708.38747970702,3.4167749594140484
